{
"type": "FeatureCollection",
"name": "kunta4500k_wgs84",
"crs": { "type": "name", "properties": { "name": "urn:ogc:def:crs:OGC:1.3:CRS84" } },
"features": [
{"type":"Feature","properties":{"id":1,"kunta":"005","vuosi":2026,"nimi":"Alajärvi","namn":"Alajärvi","name":"Alajärvi"},"geometry":{"type":"MultiPolygon","coordinates":[[[[24.359007626170435,63.116429509386947],[24.278016678971898,63.064375353822264],[24.300936607199301,62.988353152790275],[24.18229643786027,63.013273631449202],[24.092852576233383,62.963552436489557],[24.0289401389105,62.971858203656495],[23.991964129537912,62.860918645506523],[24.143433221366678,62.831217447673367],[24.039521449264086,62.736484197326185],[23.931593904740524,62.75092581369509],[23.847048841652317,62.762605898267914],[23.519471162041317,62.919628296050696],[23.490324658092185,62.949961196696748],[23.500768587537856,62.979037194052012],[23.715638349409144,63.111901184651444],[23.750387026334437,63.075485361336511],[24.170771051136249,63.14799834181121],[24.359007626170435,63.116429509386947]]]]}},
{"type":"Feature","properties":{"id":2,"kunta":"009","vuosi":2026,"nimi":"Alavieska","namn":"Alavieska","name":"Alavieska"},"geometry":{"type":"MultiPolygon","coordinates":[[[[24.582053909479697,64.186453187722009],[24.381911778328622,64.147365503248238],[24.346336184801487,64.041516296868366],[24.137082252355725,64.191385352947066],[24.264655085838744,64.209800863170003],[24.199837726316467,64.249558161974647],[24.287705378021556,64.300094224809428],[24.582053909479697,64.186453187722009]]]]}},
{"type":"Feature","properties":{"id":3,"kunta":"010","vuosi":2026,"nimi":"Alavus","namn":"Alavo","name":"Alavus"},"geometry":{"type":"MultiPolygon","coordinates":[[[[23.931593904740524,62.75092581369509],[23.993574326060148,62.579072618198303],[23.835230179565727,62.49433630622206],[23.66371328871044,62.408638018942206],[23.503407313617949,62.414640195147641],[23.464666051359451,62.386556056988105],[23.337763619776933,62.425083423679965],[23.246716066575111,62.537388629781482],[23.30779490917875,62.574801196172302],[23.161226231195201,62.655453037853228],[23.202730007241978,62.724100351334933],[23.271255205202202,62.735735927550067],[23.449050599730622,62.651010761686173],[23.548129759008422,62.651178049101759],[23.667462526126627,62.751757565867486],[23.760375642060971,62.738505403417655],[23.847048841652317,62.762605898267914],[23.931593904740524,62.75092581369509]]]]}},
{"type":"Feature","properties":{"id":4,"kunta":"016","vuosi":2026,"nimi":"Asikkala","namn":"Asikkala","name":"Asikkala"},"geometry":{"type":"MultiPolygon","coordinates":[[[[25.80746513794228,61.313399669497137],[25.804914602367223,61.269061650964531],[25.927328041884518,61.228007833791608],[25.882065556127561,61.185528882968832],[25.919774661577097,61.151934145231522],[25.858056325994525,61.102666383742047],[25.783526213266477,61.096290551942225],[25.562502015138012,61.114721179136289],[25.537483860628956,61.150707336953062],[25.40891808914462,61.106812321286462],[25.279193237549521,61.098197385351362],[25.239935242839653,61.114551757179342],[25.259867424122696,61.185889402418908],[25.202823735285545,61.240938462597136],[25.347885359636507,61.249103852141666],[25.415679175420781,61.312290677719652],[25.51719366021441,61.304110051636009],[25.545158601784749,61.329175868475339],[25.741788527371423,61.364627517943582],[25.80746513794228,61.313399669497137]]]]}},
{"type":"Feature","properties":{"id":5,"kunta":"018","vuosi":2026,"nimi":"Askola","namn":"Askola","name":"Askola"},"geometry":{"type":"MultiPolygon","coordinates":[[[[25.65964655260855,60.613875225767643],[25.769019793993973,60.588836956790416],[25.82316479897214,60.551041043712274],[25.823165827953215,60.551040325437995],[25.823226596027776,60.550997848979605],[25.823227082359047,60.550997512042919],[25.823109926493938,60.550981457322671],[25.823109563554603,60.550981409227909],[25.757551474460374,60.54198246319438],[25.736765195769063,60.499303661533496],[25.721777650722178,60.480991767820164],[25.652605004335491,60.501725054217431],[25.607212987013071,60.469910910865828],[25.557422635932209,60.488539946021156],[25.431476075856995,60.482940916464912],[25.415492397092699,60.54154417236461],[25.501909979004527,60.55695843855267],[25.516227783773456,60.579859897024953],[25.575644581087943,60.613806507811105],[25.659644177326637,60.61387522890606],[25.65964655260855,60.613875225767643]]]]}},
{"type":"Feature","properties":{"id":6,"kunta":"019","vuosi":2026,"nimi":"Aura","namn":"Aura","name":"Aura"},"geometry":{"type":"MultiPolygon","coordinates":[[[[22.68211715311006,60.63955973333853],[22.624113914431828,60.604178244259096],[22.549726926518797,60.589681683748424],[22.536166926878092,60.566587177419166],[22.487245428641913,60.570968094859658],[22.510603287510211,60.635347618562463],[22.445711579570357,60.640907194774449],[22.415003582268326,60.737293601325753],[22.561219931369887,60.666699674578965],[22.68211715311006,60.63955973333853]]]]}},
{"type":"Feature","properties":{"id":7,"kunta":"020","vuosi":2026,"nimi":"Akaa","namn":"Ackas","name":"Akaa"},"geometry":{"type":"MultiPolygon","coordinates":[[[[23.811447606730031,61.230711742164615],[23.95901408762526,61.184141436609437],[23.921086026059857,61.130884306348989],[23.958283897552622,61.101929457941132],[23.756756711910768,61.057355151932455],[23.68831493358185,61.076109256632662],[23.650319542287971,61.119980467606041],[23.494138605587111,61.149051839428822],[23.542116331746502,61.20530155057142],[23.690076978388852,61.214614476889018],[23.73713256681333,61.258979182424596],[23.811447606730031,61.230711742164615]]]]}},
{"type":"Feature","properties":{"id":8,"kunta":"035","vuosi":2026,"nimi":"Brändö","namn":"Brändö","name":"Brändö"},"geometry":{"type":"MultiPolygon","coordinates":[[[[21.115796894504047,60.41358433775045],[21.093312653100881,60.344098145377515],[21.058604165146683,60.34920688916457],[21.034598140853131,60.360278987606812],[21.016536200259083,60.382415958641438],[21.010443478530007,60.399691745065198],[21.016095361694898,60.413447254034182],[21.061859590435155,60.431882339298753],[21.115796894504047,60.41358433775045]]],[[[20.992522321286607,60.421832980652475],[20.953238539689085,60.411858574536659],[20.932375327358212,60.420267471878638],[20.907964729399513,60.447503378023384],[20.90356376636953,60.45540261548625],[20.902314452727499,60.475598262126205],[20.918767508563594,60.489943990620361],[20.950060024099496,60.498212508218586],[20.970471295658243,60.492479130131962],[20.994550511414506,60.467917462234212],[20.999459818711053,60.442397838367135],[20.992522321286607,60.421832980652475]]],[[[21.125915714214166,60.483023787150692],[21.106665429558035,60.448513371262969],[21.064073956650965,60.452286959915114],[21.048618371390504,60.461045542632782],[21.032478494471452,60.487322266836486],[21.026657523558899,60.531702156580565],[21.026403825297329,60.547891253004288],[21.035613178840883,60.55640439071037],[21.05481443931496,60.557353186753865],[21.085872976318676,60.538486901761097],[21.127688863942222,60.511450260129216],[21.128692074490413,60.487826118198463],[21.125915714214166,60.483023787150692]]]]}},
{"type":"Feature","properties":{"id":9,"kunta":"043","vuosi":2026,"nimi":"Eckerö","namn":"Eckerö","name":"Eckerö"},"geometry":{"type":"MultiPolygon","coordinates":[[[[19.621735715333454,60.29763031404309],[19.619350955825752,60.289964486074567],[19.678293610598441,60.228541148340717],[19.663213344070485,60.173129766327897],[19.637859845717824,60.172338953387886],[19.614454474087761,60.179051695080403],[19.59958096651636,60.172809436200488],[19.58646629405175,60.14764517589704],[19.549127751964694,60.144096440373595],[19.526880214829614,60.157619762533443],[19.514699401446446,60.174506668507952],[19.510221401236635,60.193273079598917],[19.521547024533536,60.214198526637482],[19.52176408205046,60.225118386235557],[19.490246148631446,60.231351411405171],[19.472753761769606,60.235673583516196],[19.474536234728667,60.250740198017702],[19.49417655050706,60.259971736357265],[19.535464160829008,60.270605514693926],[19.581064966374186,60.285523893925287],[19.608379022584881,60.297961299260791],[19.621735715333454,60.29763031404309]]]]}},
{"type":"Feature","properties":{"id":10,"kunta":"046","vuosi":2026,"nimi":"Enonkoski","namn":"Enonkoski","name":"Enonkoski"},"geometry":{"type":"MultiPolygon","coordinates":[[[[28.932052171921928,62.261216978611444],[28.917994832990789,62.243498344452178],[28.911619213570301,62.202750650387358],[28.991288324244472,62.197972363518844],[29.013896016006257,62.157428716006756],[29.095539931341222,62.126400729165056],[29.125848481129658,62.097590924702388],[29.08731042999748,62.030879398500296],[28.978709234483556,62.000993528864569],[28.878703950705791,62.002193304632961],[28.788995949611504,62.019749063734167],[28.72631045066214,62.053981053092251],[28.836926955510538,62.065919347441522],[28.779639126233416,62.083523024796172],[28.763648250995626,62.11916555482518],[28.651022221895687,62.141858838998665],[28.597476399163547,62.149620083997469],[28.652808235810053,62.231323003693689],[28.769765277682719,62.212216069919947],[28.752835390960684,62.286760479738398],[28.932052171921928,62.261216978611444]]]]}},
{"type":"Feature","properties":{"id":11,"kunta":"047","vuosi":2026,"nimi":"Enontekiö","namn":"Enontekis","name":"Enontekiö"},"geometry":{"type":"MultiPolygon","coordinates":[[[[24.903165781745848,68.554591830904499],[25.027195746559062,68.395288746904072],[24.698577140264582,68.382202464706964],[24.44560125827385,68.320599062481762],[24.16015859233509,68.146000622946815],[24.10680711409702,68.138940791877545],[23.962869612547546,68.115932993223637],[23.956598969519501,68.150623551855929],[23.818118638378934,68.152845094408107],[23.739349790557277,68.187294997716208],[23.322001006533085,68.174735832411599],[23.286698218026149,68.154273009140255],[23.168993664556375,68.133678257471729],[23.139859822138675,68.158351334674549],[23.144072110519904,68.2462989316695],[23.079827669140457,68.265784437507548],[23.059359781405334,68.301637646018648],[22.934250093386879,68.333720702629805],[22.837556711140401,68.36514980088775],[22.837121783296894,68.385233655967866],[22.774383827307449,68.389378786089424],[22.722982234881293,68.392083180353453],[22.6446754778447,68.417388774246049],[22.642012651646443,68.430504072877],[22.563435029717887,68.428297992704216],[22.474496097890249,68.442123434508062],[22.411455737676157,68.466013532585052],[22.341759585815289,68.444873936626195],[22.3468346685898,68.482228408395514],[22.242181088830549,68.48032398021374],[22.156144613207104,68.471886304604084],[22.041905575913674,68.480189146013458],[21.984315908860694,68.537577117378561],[21.890321930622449,68.583890607488314],[21.715020603622364,68.592464748609189],[21.705342825598727,68.626163438995818],[21.623065942029239,68.660916146494458],[21.42031401610787,68.695876990635369],[21.406694389890944,68.75161028852996],[21.387759600272027,68.764970499209952],[21.299083537172532,68.762402603860622],[21.240326447864049,68.810390995388232],[20.999059023263872,68.896150456852737],[20.89275313509297,68.89185516009168],[20.844799470935129,68.935882089290246],[20.914773308617665,68.955791538203059],[20.87422326877023,68.982336683776069],[20.814001780095975,69.007566814914881],[20.732026513995763,69.038536859532115],[20.611680213429608,69.04599354589574],[20.552327760475787,69.060076312173251],[20.71732231398045,69.119790495390262],[21.057543905008139,69.036289669833849],[21.108675117216372,69.103929124783008],[21.055625363563646,69.122085299018821],[20.986720222618224,69.193276788795458],[21.008198057132081,69.221650335195719],[21.094022115125206,69.259547146136825],[21.278820776378133,69.311884016875652],[21.627086321465335,69.276588303567067],[22.175762394838127,68.956324301404919],[22.191867994159939,68.918773684567057],[22.340780647282795,68.827224895200871],[22.374521896312739,68.716666566026277],[22.535389324722217,68.744511967279422],[22.800824038832971,68.687548015224152],[23.045952044477961,68.689343317938452],[23.167582285386903,68.628518935023422],[23.440635656343911,68.692163500764067],[23.673520205703433,68.705521373118188],[23.731063510161956,68.75075140530403],[23.77539138889297,68.818851119413679],[23.87146076728083,68.836519184642142],[23.983330152142958,68.827143186111357],[24.075591585741474,68.779966834643034],[24.158550516488312,68.789709384464615],[24.152962305518763,68.753591043102162],[24.250964782746198,68.727132069149903],[24.608387909011668,68.681901599674333],[24.783424581781336,68.63623461514544],[24.85716613822316,68.562209812210412],[24.903165781745848,68.554591830904499]]]]}},
{"type":"Feature","properties":{"id":12,"kunta":"049","vuosi":2026,"nimi":"Espoo","namn":"Esbo","name":"Espoo"},"geometry":{"type":"MultiPolygon","coordinates":[[[[24.749283198082455,60.34178329419084],[24.784754108860952,60.241504977951898],[24.831403063878447,60.254055152200692],[24.834637816418052,60.160466296569389],[24.821285811565293,60.16021071903085],[24.775866047411391,60.152542044465591],[24.706757185932382,60.133674436828713],[24.6797099398912,60.131766406550391],[24.662766250294453,60.142243374050672],[24.645830735748817,60.149934857891147],[24.626771404537294,60.149280131229411],[24.503200743314284,60.212862909112758],[24.515568815746974,60.281291518924867],[24.524207484109507,60.313412428202206],[24.56267177816315,60.314084869350204],[24.627693918149436,60.359241407288273],[24.749283198082455,60.34178329419084]],[[24.791770494230811,60.221232455647119],[24.72558848764405,60.244673506899069],[24.661056525068574,60.230327008516497],[24.667408516732642,60.207768048797433],[24.693377739217436,60.189330167852724],[24.757043677254636,60.187589097021224],[24.791770494230811,60.221232455647119]]]]}},
{"type":"Feature","properties":{"id":13,"kunta":"050","vuosi":2026,"nimi":"Eura","namn":"Eura","name":"Eura"},"geometry":{"type":"MultiPolygon","coordinates":[[[[22.021194688652841,61.294440372191133],[22.129939463768107,61.265115322301334],[22.176204842006207,61.251940625464599],[22.141903573473552,61.211212822381491],[22.217585598561534,61.155074146796963],[22.236133241820603,61.108552382997459],[22.263631914334141,60.926863484976856],[22.160313628969117,60.872005743302161],[22.128467334913754,60.904205375942851],[21.985214325906529,60.901001792145237],[21.951365187300862,60.976936093474755],[21.84410988094421,61.009402288493369],[22.070715360284137,61.042420776250864],[22.049528872397723,61.080292427446281],[21.867478511427421,61.145663246692791],[21.945950220575469,61.172545564632443],[21.876235785706861,61.296704473155025],[22.021194688652841,61.294440372191133]]]]}},
{"type":"Feature","properties":{"id":14,"kunta":"051","vuosi":2026,"nimi":"Eurajoki","namn":"Euraåminne","name":"Eurajoki"},"geometry":{"type":"MultiPolygon","coordinates":[[[[21.527210819223242,61.442432262807735],[21.582270824160013,61.417473383545278],[21.658125331968076,61.423626148608001],[21.713247587894237,61.389872736286463],[21.780783525680732,61.337817009760407],[21.876235785706861,61.296704473155025],[21.945950220575469,61.172545564632443],[21.867478511427421,61.145663246692791],[21.646979500366911,61.149846128768473],[21.442738488158263,61.232497432062956],[21.446876613076601,61.245829007413164],[21.457290020787664,61.250304769402831],[21.47994575820789,61.249971955363584],[21.503555471378821,61.244186404491259],[21.538745205820405,61.251189723068805],[21.533210403518712,61.265809560410958],[21.514234038437635,61.277096286043388],[21.512592173294237,61.286475722511106],[21.531328106231506,61.309814099790827],[21.536699245958744,61.324064650608719],[21.5330273113406,61.359000998737137],[21.507699150039407,61.389014206116961],[21.461318634798516,61.42626363892284],[21.466667040524506,61.442675532512787],[21.527210819223242,61.442432262807735]]]]}},
{"type":"Feature","properties":{"id":15,"kunta":"052","vuosi":2026,"nimi":"Evijärvi","namn":"Evijärvi","name":"Evijärvi"},"geometry":{"type":"MultiPolygon","coordinates":[[[[23.696988939988632,63.380320683328058],[23.702697895814936,63.315884847463849],[23.596681943166313,63.300555714141623],[23.547153979204015,63.315541581879891],[23.443462351332023,63.281774977503026],[23.225533823621145,63.342869048128357],[23.207039643760091,63.398961427147817],[23.264637229412564,63.470055629335242],[23.392888588997,63.498046661618773],[23.543962182199181,63.467534213854762],[23.696988939988632,63.380320683328058]]]]}},
{"type":"Feature","properties":{"id":16,"kunta":"060","vuosi":2026,"nimi":"Finström","namn":"Finström","name":"Finström"},"geometry":{"type":"MultiPolygon","coordinates":[[[[20.023995833715183,60.230576485553513],[20.02505227855308,60.218590091487322],[20.019953101869451,60.218520711836717],[20.002887657422352,60.209418624829404],[19.999498978571641,60.202300524334404],[19.930574470273065,60.210859187998857],[19.841181373475255,60.18766741228427],[19.785721556830616,60.264864656165173],[19.810739157368133,60.32493636646047],[19.818498412722132,60.300351131113779],[19.822580615226286,60.270294375684173],[19.860526506449904,60.271809467257079],[19.876706346463635,60.28493746397772],[19.879261103907179,60.297329901186075],[19.884562908383536,60.329702689306508],[19.94608315534137,60.37632470517881],[20.013699819393842,60.359638812610598],[19.947296110144563,60.297426071137906],[20.023995833715183,60.230576485553513]]]]}},
{"type":"Feature","properties":{"id":17,"kunta":"061","vuosi":2026,"nimi":"Forssa","namn":"Forssa","name":"Forssa"},"geometry":{"type":"MultiPolygon","coordinates":[[[[23.839370064580276,60.939705826084101],[23.755475170029069,60.938138859489463],[23.647707680492289,60.876361775536395],[23.702009986070436,60.805265501291153],[23.634543604022369,60.779526834571229],[23.55046486665411,60.788933146544771],[23.547130507065738,60.925111941076914],[23.500747502559086,60.947617799039342],[23.474091075854751,60.963467931643237],[23.550512024905032,60.991467349934524],[23.712336949982404,61.009033531754966],[23.839370064580276,60.939705826084101]]]]}},
{"type":"Feature","properties":{"id":89,"kunta":"244","vuosi":2026,"nimi":"Kempele","namn":"Kempele","name":"Kempele"},"geometry":{"type":"MultiPolygon","coordinates":[[[[25.728301485722877,64.904455480228151],[25.655339113592238,64.84684728879995],[25.555334113717784,64.848873006765544],[25.445094757575397,64.892389024670976],[25.425698479666341,64.921569136301443],[25.494239626433735,64.942989525926066],[25.61397235980769,64.941081542317789],[25.728301485722877,64.904455480228151]]]]}},
{"type":"Feature","properties":{"id":18,"kunta":"062","vuosi":2026,"nimi":"Föglö","namn":"Föglö","name":"Föglö"},"geometry":{"type":"MultiPolygon","coordinates":[[[[20.45209017502555,59.991473554512133],[20.428682735753593,59.986253368863231],[20.353378372700842,59.983548298277235],[20.331218496975666,59.986478765985517],[20.322222291685637,59.990074950518803],[20.318740881419792,59.993950956433444],[20.322455754624862,60.002245442523645],[20.346441993217326,60.017060603302752],[20.396892507283965,60.034642220929143],[20.434219806256596,60.051458762701195],[20.467647937644582,60.059965512529558],[20.50312116875736,60.05910908055683],[20.541006448039951,60.059712128586341],[20.575108363555724,60.052015986909751],[20.590730506988919,60.042062589010477],[20.590676266624481,60.028463955625107],[20.57378724254605,60.018186070100896],[20.530489086159871,60.005078763898318],[20.45209017502555,59.991473554512133]]],[[[20.589938807873807,60.098839198313151],[20.587908401071836,60.082443174051015],[20.536606766462764,60.081197021900046],[20.500316729182689,60.086075115414474],[20.485441684950317,60.092004088343266],[20.474838447423522,60.103636222973734],[20.494135267113286,60.115486062819301],[20.531821596732204,60.117430476770465],[20.557421212080023,60.11202069779408],[20.589938807873807,60.098839198313151]]]]}},
{"type":"Feature","properties":{"id":19,"kunta":"065","vuosi":2026,"nimi":"Geta","namn":"Geta","name":"Geta"},"geometry":{"type":"MultiPolygon","coordinates":[[[[19.967867496836998,60.395531544997567],[19.94608315534137,60.37632470517881],[19.884562908383536,60.329702689306508],[19.845011945846441,60.339996273032995],[19.827484432529275,60.344454195771107],[19.794688169653657,60.343934107773038],[19.769013909280179,60.352266548157395],[19.764590861076158,60.358243143160514],[19.770891189057973,60.364264979786768],[19.792914605568022,60.387184298452915],[19.821436779350897,60.406395860860052],[19.856869074462214,60.419214194128998],[19.880757713305385,60.42329281577269],[19.915097436427423,60.417113099896163],[19.967867496836998,60.395531544997567]]]]}},
{"type":"Feature","properties":{"id":20,"kunta":"069","vuosi":2026,"nimi":"Haapajärvi","namn":"Haapajärvi","name":"Haapajärvi"},"geometry":{"type":"MultiPolygon","coordinates":[[[[25.366416102777933,63.93004031600141],[25.534041821064683,63.921602499734163],[25.609186111375749,63.917808380952813],[25.661957745037807,63.799771862917979],[25.561452743577863,63.645082054326345],[25.408285938111078,63.620177864859123],[25.348044182597246,63.581480102415846],[25.245179886084756,63.610276061707161],[25.092765663902824,63.747845140947156],[24.955614563413814,63.757488989566305],[24.967383887215661,63.800598561432516],[25.021000819545993,63.831106077234971],[25.107106941175424,63.771845261603517],[25.266629049791216,63.932260486956608],[25.366416102777933,63.93004031600141]]]]}},
{"type":"Feature","properties":{"id":21,"kunta":"071","vuosi":2026,"nimi":"Haapavesi","namn":"Haapavesi","name":"Haapavesi"},"geometry":{"type":"MultiPolygon","coordinates":[[[[25.777300917620472,64.110644002652464],[25.650761614799585,64.084913010073947],[25.584456692878256,64.004865423169036],[25.534041821064683,63.921602499734163],[25.366416102777933,63.93004031600141],[25.14741222423805,64.026154763532773],[25.021245459300346,64.067938287947513],[24.906373771494049,64.10945083315859],[24.952488290467588,64.13601788508096],[25.156008150235738,64.230843823188962],[25.198324186393815,64.290226593240575],[25.200173116809015,64.320939694196426],[25.462926651379775,64.362578442230074],[25.547200549447396,64.248776058802079],[25.777300917620472,64.110644002652464]]]]}},
{"type":"Feature","properties":{"id":22,"kunta":"072","vuosi":2026,"nimi":"Hailuoto","namn":"Karlö","name":"Hailuoto"},"geometry":{"type":"MultiPolygon","coordinates":[[[[24.932089714106546,65.071175834053903],[24.989746973607279,65.070705296501629],[25.040529386600472,65.076941792815248],[25.079560719695213,65.069462285064404],[25.080722579460737,65.053326946524507],[25.056350151539604,65.040809676313771],[25.024816380851341,65.033577261893214],[24.983563382289269,65.031590829119608],[24.960883255178096,65.033885255572983],[24.931307625650444,65.042900426169496],[24.888771787921854,65.054329746175256],[24.856620104496745,65.055128685747576],[24.825774986600315,65.042479798586996],[24.827300715912816,65.026350037862215],[24.86189802436602,64.997237499538357],[24.873351855994109,64.975865450964221],[24.86457909301425,64.966318279346709],[24.840067033446484,64.955107654673725],[24.827604331194614,64.952144878266395],[24.782998415314101,64.951398610175033],[24.752891229804113,64.967100521103205],[24.739978896387569,64.969507830794782],[24.714264820473876,64.970462136679316],[24.689464500983465,64.963259924628403],[24.641672367917703,64.962422167404512],[24.618425073259662,64.971385939124659],[24.595700929412914,65.007367271889734],[24.574104542438221,65.032594890364891],[24.569732748985412,65.0432930728511],[24.581355524484426,65.055686584194746],[24.60572876210561,65.068283632247514],[24.655735955786984,65.079934011921111],[24.725464630637557,65.087919631079245],[24.804469034004367,65.100046551068473],[24.855696101908766,65.100968223061756],[24.905445500278738,65.082829033276667],[24.932089714106546,65.071175834053903]]]]}},
{"type":"Feature","properties":{"id":23,"kunta":"074","vuosi":2026,"nimi":"Halsua","namn":"Halso","name":"Halsua"},"geometry":{"type":"MultiPolygon","coordinates":[[[[24.466864062765271,63.525392452732468],[24.554593897616741,63.522952851337848],[24.486180667270499,63.375204489733278],[24.405685594461172,63.372141154002811],[24.369249746883487,63.337006901981312],[24.164628733416375,63.331917658498789],[24.103056769666559,63.41259537909378],[24.091527612139842,63.495331187466746],[24.040818042464135,63.521541444996117],[24.098946787348165,63.57705505313325],[24.321199546323296,63.499110377648883],[24.466864062765271,63.525392452732468]]]]}},
{"type":"Feature","properties":{"id":24,"kunta":"075","vuosi":2026,"nimi":"Hamina","namn":"Fredrikshamn","name":"Hamina"},"geometry":{"type":"MultiPolygon","coordinates":[[[[27.454678852322331,60.641097003030374],[27.388185349049213,60.602182664436015],[27.356569503249094,60.558773493088232],[27.397832114635747,60.517612529363809],[27.397878173630318,60.508224584950518],[27.286946805811841,60.518784885273035],[27.267851964682322,60.521517008179316],[27.249643005913804,60.521462500850141],[27.245819273996965,60.521469585953866],[27.156287727202489,60.532733119292423],[27.103154003854446,60.549567699706806],[27.084741965566728,60.547426625697852],[27.056490571829389,60.544120775793488],[27.023668469126154,60.529405648825268],[27.00928470121773,60.549556348069459],[27.028502694906653,60.604513053323863],[26.922136412968683,60.648552947523399],[27.103117334156519,60.685545785052291],[27.124651148758922,60.776862639822902],[27.225272961089367,60.760397319144637],[27.292644669829407,60.822001224438573],[27.428359698912598,60.842640037442749],[27.454678852322331,60.641097003030374]]]]}},
{"type":"Feature","properties":{"id":25,"kunta":"076","vuosi":2026,"nimi":"Hammarland","namn":"Hammarland","name":"Hammarland"},"geometry":{"type":"MultiPolygon","coordinates":[[[[19.810739157368133,60.32493636646047],[19.785721556830616,60.264864656165173],[19.841181373475255,60.18766741228427],[19.791966334515028,60.144237386940517],[19.747953525589431,60.131816766047351],[19.744324781599097,60.147419486827246],[19.709651011255325,60.168397430855627],[19.695178307797747,60.171651943111506],[19.689241145081191,60.173936519680232],[19.663213344070485,60.173129766327897],[19.678293610598441,60.228541148340717],[19.619350955825752,60.289964486074567],[19.621735715333454,60.29763031404309],[19.6743096997381,60.296314320696752],[19.717199158211134,60.300216576944607],[19.727366293593235,60.303480057224171],[19.763243959651199,60.325906222112685],[19.810739157368133,60.32493636646047]]]]}},
{"type":"Feature","properties":{"id":26,"kunta":"077","vuosi":2026,"nimi":"Hankasalmi","namn":"Hankasalmi","name":"Hankasalmi"},"geometry":{"type":"MultiPolygon","coordinates":[[[[26.483215272611016,62.532364228459663],[26.633113429681181,62.450769439425535],[26.709125304676867,62.452947916712965],[26.680533003448588,62.403822871839445],[26.776124783540528,62.354110241587485],[26.669044203079974,62.34186156572634],[26.683160555570272,62.307726352616143],[26.631160014980082,62.276962683347115],[26.614092408363273,62.217059804827542],[26.544033921204647,62.26562675595185],[26.4378629675575,62.219798787248884],[26.315948111866071,62.200470678543923],[26.324154080768533,62.266256514370752],[26.230031945815433,62.335937582159929],[26.31101973883256,62.403443167541674],[26.251047294392599,62.42241529956565],[26.218668363127748,62.491068025867428],[26.213726277763907,62.57815399618125],[26.400079595057708,62.506179210061376],[26.483215272611016,62.532364228459663]]]]}},
{"type":"Feature","properties":{"id":27,"kunta":"078","vuosi":2026,"nimi":"Hanko","namn":"Hangö","name":"Hanko"},"geometry":{"type":"MultiPolygon","coordinates":[[[[23.274648079058171,59.863419209451635],[23.25985217372839,59.855017195514414],[23.223844919556498,59.84176786868931],[23.189588679603009,59.835298187901635],[23.13605512481865,59.833555740673759],[23.085027990534783,59.833303852463459],[23.034652792058075,59.827569996942778],[23.011296696644699,59.821381290691221],[22.945770515267505,59.80841155804562],[22.907951055321298,59.80984512479661],[22.885949824703395,59.833423807465337],[22.910803701119406,59.849118297970534],[22.944689329916844,59.858346143219606],[23.025687700487762,59.877264600830202],[23.091044937547757,59.891533966494066],[23.1192062586607,59.904588506653226],[23.126616330186636,59.918698749178198],[23.160712777549694,59.902666307508539],[23.218893846745978,59.932306656961529],[23.295166517258902,59.90200676711472],[23.274648079058171,59.863419209451635]]]]}},
{"type":"Feature","properties":{"id":28,"kunta":"079","vuosi":2026,"nimi":"Harjavalta","namn":"Harjavalta","name":"Harjavalta"},"geometry":{"type":"MultiPolygon","coordinates":[[[[22.129939463768107,61.265115322301334],[22.021194688652841,61.294440372191133],[22.064535336128767,61.350393037640963],[22.166125871925171,61.405461095442362],[22.205018623124559,61.40739765208312],[22.272024025886111,61.3502424624483],[22.226165258110218,61.278549957826506],[22.17135320987019,61.283818696368492],[22.129939463768107,61.265115322301334]]]]}},
{"type":"Feature","properties":{"id":29,"kunta":"081","vuosi":2026,"nimi":"Hartola","namn":"Gustav Adolfs  ","name":"Hartola"},"geometry":{"type":"MultiPolygon","coordinates":[[[[26.315039150182866,61.608449415135752],[26.277894557720796,61.537153851181628],[26.264849337340653,61.425830802525759],[26.172951343561131,61.392893745955895],[26.049631246182621,61.477967547551479],[25.975901111539464,61.430821341467684],[25.870047738123521,61.478479793050134],[25.961888054417898,61.542571652755846],[25.857745855515155,61.575179673516267],[25.883221603903984,61.639467736727276],[25.771178593284496,61.685066748793332],[25.844956218786027,61.801407879852022],[25.921638127236072,61.787347152230296],[25.980307741895775,61.747174359737777],[26.052474439796637,61.738340888687389],[26.137587391204779,61.619534591312288],[26.191814211366626,61.65003337447876],[26.283079568631837,61.656703444679913],[26.315039150182866,61.608449415135752]]]]}},
{"type":"Feature","properties":{"id":30,"kunta":"082","vuosi":2026,"nimi":"Hattula","namn":"Hattula","name":"Hattula"},"geometry":{"type":"MultiPolygon","coordinates":[[[[24.235499603123369,61.15143135158749],[24.297273137593763,61.191581114746135],[24.302385246570584,61.233216077424181],[24.455797220826394,61.123858263151298],[24.624396570627066,61.061192337560591],[24.378561388318765,61.028328413117691],[24.086217413959059,60.857431558772582],[24.032600049778065,60.87565817774297],[24.05031171017885,60.909213531884433],[24.056169443330162,60.949920587404307],[24.250610605705806,61.072842988165704],[24.235499603123369,61.15143135158749]]]]}},
{"type":"Feature","properties":{"id":31,"kunta":"086","vuosi":2026,"nimi":"Hausjärvi","namn":"Hausjärvi","name":"Hausjärvi"},"geometry":{"type":"MultiPolygon","coordinates":[[[[25.108108922166959,60.865075164189186],[25.110974490802914,60.818583349408691],[25.154875866547378,60.778382828520144],[25.058278024535554,60.724986221663542],[25.146052623186016,60.716465283186075],[25.112461801733254,60.661596218414445],[25.034866431330286,60.684992121082026],[24.835072390464962,60.666275324722825],[24.836435160976066,60.776079356426919],[24.714607765621619,60.796462241093437],[24.809333350568259,60.86876422155752],[24.94115853261653,60.846627849512878],[24.980394130692535,60.90755356200701],[25.027675927578361,60.92781635657952],[25.093770648170377,60.918996712157529],[25.108108922166959,60.865075164189186]]]]}},
{"type":"Feature","properties":{"id":32,"kunta":"090","vuosi":2026,"nimi":"Heinävesi","namn":"Heinävesi","name":"Heinävesi"},"geometry":{"type":"MultiPolygon","coordinates":[[[[28.94401894313291,62.576831179343174],[29.033869168473824,62.528846191877989],[29.08477954687757,62.479888698373969],[29.081475239825874,62.424153543276809],[29.166448858704339,62.386337560767267],[29.168239971572742,62.33205013630004],[29.005100263613254,62.327430220897618],[28.932052171921928,62.261216978611444],[28.752835390960684,62.286760479738398],[28.769765277682719,62.212216069919947],[28.652808235810053,62.231323003693689],[28.562458686140193,62.294369949542912],[28.437926464229779,62.316843469726187],[28.437760850426947,62.346336414594177],[28.315004237356565,62.354552625545502],[28.244771661300067,62.424045874472775],[28.286416805013307,62.4731465568006],[28.381865580633125,62.461635745449101],[28.400874632452432,62.55957327096408],[28.520773870074443,62.548456774117433],[28.466973020153116,62.583162657700782],[28.611987793103133,62.594566262665396],[28.655149547577313,62.657021681091791],[28.790650906675442,62.640285216543553],[28.94401894313291,62.576831179343174]]]]}},
{"type":"Feature","properties":{"id":33,"kunta":"091","vuosi":2026,"nimi":"Helsinki","namn":"Helsingfors","name":"Helsinki"},"geometry":{"type":"MultiPolygon","coordinates":[[[[25.242764493649652,60.251360969995353],[25.230785292572889,60.249714446369943],[25.20041026763921,60.229288510260524],[25.192690355888093,60.200273131326242],[25.17737533132685,60.193509749785441],[25.150174528774027,60.193043155895353],[25.114558479245638,60.197838240982549],[25.104057678111779,60.192301745280155],[25.117077778751831,60.160167047321039],[25.106980582214707,60.14781316289254],[25.078164059839299,60.13249459324043],[25.056669398103825,60.130744305277489],[25.039985870366259,60.135885201262241],[25.038603950722873,60.156065474291715],[25.038042395144387,60.16548415211691],[25.02978099731072,60.168054968205986],[24.979892616169913,60.144229487355268],[24.955685017153932,60.139727907824302],[24.918006789290601,60.137704196594989],[24.878760479286846,60.154499567672822],[24.867436207381338,60.159704841258431],[24.858020207581134,60.160450754850821],[24.854031891368916,60.16083512485249],[24.834637816418052,60.160466296569389],[24.831403063878447,60.254055152200692],[25.020906415583205,60.289317838873373],[25.090690411699928,60.264217490270163],[25.08291812211576,60.242808191436062],[25.135844043569577,60.237228219985809],[25.159883043147278,60.248817273770875],[25.142534947513894,60.269778882176091],[25.190249945690962,60.285681338531113],[25.27164735728493,60.298080122940618],[25.25090242953031,60.273519181720282],[25.242764493649652,60.251360969995353]]]]}},
{"type":"Feature","properties":{"id":34,"kunta":"092","vuosi":2026,"nimi":"Vantaa","namn":"Vanda","name":"Vantaa"},"geometry":{"type":"MultiPolygon","coordinates":[[[[25.056011590942276,60.375906463021934],[25.172838536928772,60.3566106493288],[25.11681857979319,60.328382647758296],[25.169614232969721,60.311486237749527],[25.190249945690962,60.285681338531113],[25.142534947513894,60.269778882176091],[25.159883043147278,60.248817273770875],[25.135844043569577,60.237228219985809],[25.08291812211576,60.242808191436062],[25.090690411699928,60.264217490270163],[25.020906415583205,60.289317838873373],[24.831403063878447,60.254055152200692],[24.784754108860952,60.241504977951898],[24.749283198082455,60.34178329419084],[24.868939147944271,60.401254863464914],[24.954591484795912,60.332448919947794],[25.037645441982871,60.342303267298902],[25.056011590942276,60.375906463021934]]]]}},
{"type":"Feature","properties":{"id":35,"kunta":"097","vuosi":2026,"nimi":"Hirvensalmi","namn":"Hirvensalmi","name":"Hirvensalmi"},"geometry":{"type":"MultiPolygon","coordinates":[[[[26.832212428415673,61.850305379518559],[26.883880600269681,61.737569983352209],[26.982243185500689,61.700685993284026],[26.951778593520775,61.611006453922272],[27.019442235373635,61.567996624780811],[26.963680060721821,61.503426386559731],[26.835926396032551,61.522865851516109],[26.784016041417697,61.575851582114701],[26.727759901087001,61.565364175380878],[26.652388219661962,61.588291188996379],[26.604682831883871,61.57224807665802],[26.515458036200322,61.627056458651566],[26.527086838181294,61.704575282156974],[26.452154012282961,61.775728487081778],[26.367181305001285,61.807873460803087],[26.38910241417685,61.854152609818961],[26.530117468721276,61.84386377990819],[26.606027849229278,61.858541346402852],[26.632918993941484,61.799942960376882],[26.711780012486976,61.825651491567307],[26.832212428415673,61.850305379518559]]]]}},
{"type":"Feature","properties":{"id":90,"kunta":"245","vuosi":2026,"nimi":"Kerava","namn":"Kervo","name":"Kerava"},"geometry":{"type":"MultiPolygon","coordinates":[[[[25.172838536928772,60.3566106493288],[25.056011590942276,60.375906463021934],[25.05149242774856,60.425932930424509],[25.176826043482542,60.441085741366045],[25.172838536928772,60.3566106493288]]]]}},
{"type":"Feature","properties":{"id":36,"kunta":"098","vuosi":2026,"nimi":"Hollola","namn":"Hollola","name":"Hollola"},"geometry":{"type":"MultiPolygon","coordinates":[[[[25.783526213266477,61.096290551942225],[25.749024150830859,61.070255857852892],[25.822194676247026,61.051369460446303],[25.751297040611316,61.03167997015241],[25.599650173830319,61.034009143954634],[25.540308010825292,60.998264389069355],[25.55634213373688,60.933699499487979],[25.657510017506269,60.906439834856286],[25.604704520205871,60.870542039911484],[25.507764377154874,60.8861659657871],[25.402218047969747,60.854358863784149],[25.32380135776928,60.89276586772862],[25.312769127462555,60.944454442071546],[25.261438334642087,60.981676723681339],[25.170009200980115,60.926220091765828],[25.108108922166959,60.865075164189186],[25.093770648170377,60.918996712157529],[25.027675927578361,60.92781635657952],[25.028697277298384,61.030946556052541],[25.152265091872557,61.062986580703324],[25.239935242839653,61.114551757179342],[25.279193237549521,61.098197385351362],[25.40891808914462,61.106812321286462],[25.537483860628956,61.150707336953062],[25.562502015138012,61.114721179136289],[25.783526213266477,61.096290551942225]]]]}},
{"type":"Feature","properties":{"id":37,"kunta":"102","vuosi":2026,"nimi":"Huittinen","namn":"Vittis","name":"Huittinen"},"geometry":{"type":"MultiPolygon","coordinates":[[[[22.934220208943298,61.204976340799909],[22.924181066945714,61.141993462958048],[22.993958190000075,61.07865254427071],[22.968504590945894,61.043254359668047],[22.823910546011909,61.101435323506074],[22.8159330498206,60.993408696419962],[22.701544483036976,60.986935521929865],[22.597561566960824,61.015413158044382],[22.559064459505343,61.103727158944181],[22.480341353976513,61.170623259226495],[22.599107829173786,61.301979667911375],[22.645436053251281,61.246620377435214],[22.856060971011082,61.235842658410611],[22.934220208943298,61.204976340799909]]]]}},
{"type":"Feature","properties":{"id":38,"kunta":"103","vuosi":2026,"nimi":"Humppila","namn":"Humppila","name":"Humppila"},"geometry":{"type":"MultiPolygon","coordinates":[[[[23.474091075854751,60.963467931643237],[23.500747502559086,60.947617799039342],[23.421936296526273,60.871075280187831],[23.276334623781189,60.882184323583132],[23.266664800052233,60.889109497571361],[23.293928965001832,60.954697350484437],[23.195365933675728,61.001219806467482],[23.259984769272666,61.018553975595403],[23.362461609095181,61.014516372679338],[23.474091075854751,60.963467931643237]]]]}},
{"type":"Feature","properties":{"id":39,"kunta":"105","vuosi":2026,"nimi":"Hyrynsalmi","namn":"Hyrynsalmi","name":"Hyrynsalmi"},"geometry":{"type":"MultiPolygon","coordinates":[[[[29.45945575511487,64.566291243885019],[29.416790954846451,64.51989590219344],[29.163289760393809,64.454597299053717],[29.0251056028312,64.45786939243645],[28.859837309385025,64.493432772264285],[28.431112028726893,64.596724980800502],[28.321246660969596,64.589670602198893],[28.246019662205331,64.636780232266162],[28.074326976875518,64.632877049000612],[28.056013960415068,64.808573450994615],[28.147971944400069,64.808207251707614],[28.294301348805075,64.898374908762818],[28.807968946959186,64.704952354126462],[29.1169871513031,64.672248165150364],[29.45945575511487,64.566291243885019]]]]}},
{"type":"Feature","properties":{"id":40,"kunta":"106","vuosi":2026,"nimi":"Hyvinkää","namn":"Hyvinge","name":"Hyvinkää"},"geometry":{"type":"MultiPolygon","coordinates":[[[[25.112461801733254,60.661596218414445],[25.045343265496069,60.576863253430425],[24.912163088550752,60.555624788560884],[24.835337991040905,60.546217932503637],[24.748157538211558,60.588870540966695],[24.705949498136896,60.51880126298245],[24.648835852293693,60.516659030043961],[24.577250305286707,60.585801197850003],[24.566910642120277,60.632332387349429],[24.615911178657157,60.66756880303565],[24.739880309970093,60.647496423440977],[24.835072390464962,60.666275324722825],[25.034866431330286,60.684992121082026],[25.112461801733254,60.661596218414445]]]]}},
{"type":"Feature","properties":{"id":41,"kunta":"108","vuosi":2026,"nimi":"Hämeenkyrö","namn":"Tavastkyro","name":"Hämeenkyrö"},"geometry":{"type":"MultiPolygon","coordinates":[[[[23.442162492297243,61.572227487935585],[23.381572971759773,61.518904159823329],[23.193788259912239,61.537756035062039],[23.074274339148356,61.544246489466246],[23.026593283652588,61.60065766282036],[22.939183546653936,61.587020072027549],[22.8527297383636,61.624704913790417],[22.824068524608318,61.675139307046443],[22.910804814882166,61.702000743573542],[23.033395349956763,61.687241332184662],[23.109062112560089,61.73091428333997],[23.210259244187796,61.734404122820123],[23.208301347861521,61.655283732586874],[23.309104262070566,61.666128608292993],[23.335439363342267,61.637068505405473],[23.500476594383404,61.697911811098464],[23.492755817432553,61.585871954757486],[23.442162492297243,61.572227487935585]]]]}},
{"type":"Feature","properties":{"id":42,"kunta":"109","vuosi":2026,"nimi":"Hämeenlinna","namn":"Tavastehus","name":"Hämeenlinna"},"geometry":{"type":"MultiPolygon","coordinates":[[[[25.202823735285545,61.240938462597136],[25.259867424122696,61.185889402418908],[25.239935242839653,61.114551757179342],[25.152265091872557,61.062986580703324],[25.028697277298384,61.030946556052541],[25.027675927578361,60.92781635657952],[24.980394130692535,60.90755356200701],[24.94290444905851,60.962718169665834],[24.85573659738294,61.008845122638419],[24.678841508301897,61.025433447777921],[24.557257235346594,60.939474072075598],[24.398697667613337,60.902838702633602],[24.479906240879661,60.810239113734347],[24.42295801067252,60.771209217472034],[24.334905447071403,60.794615701265656],[24.253324575523248,60.78598648551165],[24.170973542892671,60.806564989351671],[24.063243377269746,60.793455344690585],[23.98876514876012,60.879635025010316],[24.021798498519889,60.928403543270377],[23.856574594893015,60.971536222347837],[23.815408055462793,61.000660775746788],[23.79261464979913,61.025175869065052],[23.756756711910768,61.057355151932455],[23.958283897552622,61.101929457941132],[24.235499603123369,61.15143135158749],[24.250610605705806,61.072842988165704],[24.056169443330162,60.949920587404307],[24.05031171017885,60.909213531884433],[24.032600049778065,60.87565817774297],[24.086217413959059,60.857431558772582],[24.378561388318765,61.028328413117691],[24.624396570627066,61.061192337560591],[24.455797220826394,61.123858263151298],[24.302385246570584,61.233216077424181],[24.573676705975242,61.303937422182337],[24.708320385244615,61.27239892676937],[24.731737449950757,61.317455871376254],[24.825750216101031,61.275925183175545],[24.913942605527314,61.324881259995692],[24.951791144030796,61.29310366512712],[24.991104672974831,61.275325420192651],[25.029382147583899,61.246153274156015],[25.202823735285545,61.240938462597136]]]]}},
{"type":"Feature","properties":{"id":43,"kunta":"111","vuosi":2026,"nimi":"Heinola","namn":"Heinola","name":"Heinola"},"geometry":{"type":"MultiPolygon","coordinates":[[[[26.513662871660539,61.274326396407247],[26.424970125315955,61.251502835787591],[26.385477650570969,61.188137858239791],[26.234450451468238,61.130004293993352],[26.141254742368915,61.155485454316405],[26.048956547918493,61.120462234316562],[26.05103316147903,61.100981835591597],[25.936835793016929,61.070919528052443],[25.858056325994525,61.102666383742047],[25.919774661577097,61.151934145231522],[25.882065556127561,61.185528882968832],[25.927328041884518,61.228007833791608],[25.804914602367223,61.269061650964531],[25.80746513794228,61.313399669497137],[25.903405697349633,61.373999921130995],[26.172951343561131,61.392893745955895],[26.264849337340653,61.425830802525759],[26.318238062096828,61.370904708902067],[26.39956964614499,61.3220207569262],[26.483071417737502,61.322836519040195],[26.513662871660539,61.274326396407247]]]]}},
{"type":"Feature","properties":{"id":44,"kunta":"139","vuosi":2026,"nimi":"Ii","namn":"Ijo","name":"Ii"},"geometry":{"type":"MultiPolygon","coordinates":[[[[26.158233713785918,65.725555482771483],[26.155645242500626,65.555211461505465],[25.789125250476243,65.550291412081208],[25.646924934244677,65.378562605178701],[25.612676041604246,65.349956415497417],[25.736547351279018,65.269364658287529],[25.660160002894749,65.240415940664604],[25.552428674907532,65.252918232389419],[25.319454962566496,65.262628670669443],[25.280665356894989,65.251980292950577],[25.281775026851495,65.266604198478888],[25.282078886811888,65.271811127370569],[25.273030318755072,65.305350698315678],[25.235348180723321,65.333174641207421],[25.26924087140485,65.356534242837952],[25.267697686505812,65.37670224007779],[25.265309001837444,65.406370164919153],[25.322407201389023,65.425943823630561],[25.337311817255973,65.442346151861599],[25.338446180306825,65.472052979849721],[25.327756301757557,65.483956638786964],[25.294765693013279,65.50637580492446],[25.283670444005402,65.514055577417324],[25.238086217827593,65.548790207996134],[25.20660053133544,65.575335754805479],[25.196576971078105,65.579254254195419],[25.170595238916093,65.578853974433144],[25.139078704778427,65.56492413960224],[25.109649310760826,65.564471010796495],[25.092609625299552,65.572332582772106],[25.100694095134358,65.592806721199437],[25.099245274847682,65.594183052056039],[25.129337125276393,65.607333226604879],[25.42450495497528,65.74256854920111],[25.790235368143044,65.740711687591343],[25.939190914554025,65.773992492052841],[26.16011081691197,65.822334967531148],[26.158233713785918,65.725555482771483]]]]}},
{"type":"Feature","properties":{"id":45,"kunta":"140","vuosi":2026,"nimi":"Iisalmi","namn":"Idensalmi","name":"Iisalmi"},"geometry":{"type":"MultiPolygon","coordinates":[[[[27.625181488851446,63.502469777993255],[27.569421375676868,63.48270325081387],[27.489173120660734,63.503498367789568],[27.373191201832224,63.491464561729039],[27.310455424637009,63.433995826029658],[27.218568399616075,63.451481960096942],[27.119091807426461,63.369204820171618],[27.182948523608321,63.33021506622854],[27.136988520460591,63.321224102174895],[27.019779963315319,63.329627933511723],[26.824552515136173,63.516407841714852],[26.80300525248423,63.581898503929551],[26.828806608147481,63.666816958909735],[26.915245603186499,63.629094196969717],[27.015326252210265,63.616477604290388],[27.072439640677061,63.660713027689148],[27.208943145553789,63.651321793820181],[27.260958638432307,63.688839069646995],[27.368379550994032,63.621419821909498],[27.542174998576126,63.585781395459698],[27.625181488851446,63.502469777993255]]]]}},
{"type":"Feature","properties":{"id":46,"kunta":"142","vuosi":2026,"nimi":"Iitti","namn":"Itis","name":"Iitti"},"geometry":{"type":"MultiPolygon","coordinates":[[[[26.234450451468238,61.130004293993352],[26.310965913533874,61.106654712823961],[26.267318836940987,61.069826832132662],[26.265810974983374,61.011660486150717],[26.346189756469457,61.000471072699519],[26.386341378743456,61.027745847387777],[26.504357973955049,61.009796049303858],[26.544968246848597,60.8838186799222],[26.511392393731299,60.840615309902503],[26.378856335907845,60.805536923711173],[26.374424663335891,60.761108654399649],[26.30014194627055,60.749207420119667],[26.300130520413052,60.749205582758577],[26.300125097211904,60.749206102163974],[26.208366320886391,60.757994101787197],[26.208363469876613,60.75799437228644],[26.208360065812524,60.758017831453145],[26.202004579725074,60.801862554266719],[26.077829476919657,60.835476738076927],[26.139943773306577,60.907233947908765],[26.138269855458347,60.93284480069552],[26.060197540697839,60.936082797553709],[26.042201439216186,60.972924883377011],[26.116720512456585,60.984555021260846],[26.132904738366943,61.027747378989162],[26.05103316147903,61.100981835591597],[26.048956547918493,61.120462234316562],[26.141254742368915,61.155485454316405],[26.234450451468238,61.130004293993352]]]]}},
{"type":"Feature","properties":{"id":47,"kunta":"143","vuosi":2026,"nimi":"Ikaalinen","namn":"Ikalis","name":"Ikaalinen"},"geometry":{"type":"MultiPolygon","coordinates":[[[[23.310840309769425,61.949515512543186],[23.447628548656127,61.914657946698391],[23.448384426095082,61.873585198671854],[23.592160170107761,61.855998087182464],[23.593875291458229,61.819351880480127],[23.418023372986227,61.811204444092134],[23.335234605215749,61.784623921146547],[23.351281018624267,61.760248687909097],[23.210259244187796,61.734404122820123],[23.109062112560089,61.73091428333997],[23.033395349956763,61.687241332184662],[22.910804814882166,61.702000743573542],[22.824068524608318,61.675139307046443],[22.763830936427262,61.694365527530692],[22.691008642394191,61.702547179402671],[22.693701635849802,61.737766163237403],[22.786365113312922,61.755335952118308],[22.828421841251782,61.815218148825132],[22.800425595730992,61.846605653009355],[22.788185038160016,61.870625657965377],[22.738728762761287,61.910643828353422],[22.813748315789514,61.958056065334866],[22.951782250845607,61.97158506351191],[22.964666298745442,61.912997236502967],[23.116764704789205,61.939622994722114],[23.149405339298454,61.896599982531839],[23.310086523006539,61.90175929416408],[23.310840309769425,61.949515512543186]]]]}},
{"type":"Feature","properties":{"id":48,"kunta":"145","vuosi":2026,"nimi":"Ilmajoki","namn":"Ilmola","name":"Ilmajoki"},"geometry":{"type":"MultiPolygon","coordinates":[[[[22.857674719975229,62.634200624748026],[22.739314085616897,62.621023183356215],[22.665258505867186,62.599855149479112],[22.150151578135251,62.719577001091615],[22.200677294878766,62.751574208710025],[22.273865790537819,62.791141912345964],[22.302619661609601,62.795106005170183],[22.736946182448257,62.871302685857387],[22.687000513365653,62.775202449945006],[22.877519819228819,62.681994841206844],[22.857674719975229,62.634200624748026]]]]}},
{"type":"Feature","properties":{"id":49,"kunta":"146","vuosi":2026,"nimi":"Ilomantsi","namn":"Ilomants","name":"Ilomantsi"},"geometry":{"type":"MultiPolygon","coordinates":[[[[31.093521847932898,62.41661166858642],[30.955459221672758,62.384950976502374],[30.938070595363818,62.445376162936327],[31.000474323203452,62.459226890339963],[30.937418171934187,62.488211745436175],[30.920373946491683,62.478122538834882],[30.864584886596383,62.536427197406482],[30.841063041513664,62.554537681834951],[30.755386473696223,62.560812250935136],[30.702242282984251,62.59215339693796],[30.714106927818847,62.617800644516073],[30.593100599161101,62.663590247484102],[30.582289026598271,62.686885194090685],[30.511558133666572,62.696762293218633],[30.55927405948422,62.769915503013969],[30.469052415462446,62.869285068968324],[30.433442580289078,62.945368618351971],[30.361387402999245,62.998402439115281],[30.633263648645677,63.091986823738253],[30.908249749902559,63.132359956724152],[30.964696427246839,63.167311824472243],[31.23824719520702,63.195132892484636],[31.253479987283804,63.178398987313486],[31.256152722952873,63.14280519856311],[31.272127027961442,63.107628067781569],[31.360877329818461,63.072242110575743],[31.387346680283613,63.049334063087798],[31.425010501387437,63.043263421199732],[31.462983361044216,63.024246681206741],[31.44876586762021,63.006055472550194],[31.502139605636124,62.996251230694028],[31.586703436911261,62.908706906232354],[31.455643464656013,62.796773809511826],[31.439207947427654,62.784882727586343],[31.380325393607205,62.689932561229071],[31.373293226687256,62.649813818135677],[31.345846358014345,62.643416989872513],[31.221618481334126,62.498573854975753],[31.184893432396144,62.493777385267677],[31.162752074955712,62.446064641213759],[31.138140611777839,62.442170382069669],[31.093521847932898,62.41661166858642]]]]}},
{"type":"Feature","properties":{"id":50,"kunta":"148","vuosi":2026,"nimi":"Inari","namn":"Enare","name":"Inari"},"geometry":{"type":"MultiPolygon","coordinates":[[[[28.478982094949799,68.466190669443677],[28.264236936862851,68.46164923946634],[27.50212684019322,68.343613265221933],[26.195265565461874,68.314203203915611],[25.97561956554091,68.277571677675468],[25.524749417678787,68.31083905849367],[25.027195746559062,68.395288746904072],[24.903165781745848,68.554591830904499],[24.916923979302716,68.605246622764724],[24.980020981005893,68.61734508357965],[25.05637871582292,68.623165028802489],[25.116388980912248,68.639588330610991],[25.11078744528167,68.699362009680968],[25.142203526964753,68.787230348470914],[25.229846761761348,68.825431138187611],[25.246621646728798,68.842660818297816],[25.289089805100971,68.856455271630452],[25.474802752319547,68.904516799326174],[25.530541780030976,68.888037090514985],[25.588139488813564,68.883259690659884],[25.653478069972547,68.907022992754065],[25.713243920459842,68.976212192837622],[25.777265469221806,69.017909831511375],[25.747697070410311,69.043264373141369],[25.725232796072586,69.093562840919915],[25.738374212963503,69.147580100461226],[27.315452340649276,69.485970176036815],[27.886781162276364,69.565323187753265],[28.330476117571294,69.849192538296023],[28.404225770746045,69.818424927502079],[29.133903451436503,69.695340541882658],[29.170532827610224,69.639041330187496],[29.336496786487945,69.478322032759934],[29.219340065345438,69.397635994849338],[28.831540659548089,69.224360645080026],[28.830312903363104,69.171901342131648],[28.805429804193142,69.111155548587973],[28.854576216351827,69.076638997757058],[28.929292075911412,69.051915346866295],[28.49579094571121,68.930124330129146],[28.415788438328143,68.915450625331758],[28.468015246199375,68.885434914481067],[28.661278292533236,68.886419731310923],[28.800788440028494,68.869283314795609],[28.706409711926902,68.732237090199163],[28.433931856932823,68.539670979183001],[28.478982094949799,68.466190669443677]]]]}},
{"type":"Feature","properties":{"id":265,"kunta":"832","vuosi":2026,"nimi":"Taivalkoski","namn":"Taivalkoski","name":"Taivalkoski"},"geometry":{"type":"MultiPolygon","coordinates":[[[[29.213217516571774,65.51847740487851],[29.116109207083515,65.447566635504316],[28.955528137880378,65.44737907217727],[28.646916867522755,65.389338008154198],[28.608570676896669,65.286678384012731],[28.162380222987004,65.250348676914768],[28.13943068956798,65.337003994668208],[27.982626598109849,65.403241322872361],[27.865997282485594,65.408495440670137],[27.776988183900162,65.507352036046257],[27.824123684021913,65.653585211876617],[27.712540011973267,65.780770100421663],[27.761099536212388,65.827318060919794],[28.223498660237638,65.800594897331422],[28.513195686415777,65.846207534185751],[28.644334578872854,65.740817176080483],[28.666803384274225,65.62128720816105],[28.849573844582945,65.599466706638736],[28.931897304319136,65.646730452241584],[29.063406157755136,65.567758502500695],[29.213217516571774,65.51847740487851]]]]}},
{"type":"Feature","properties":{"id":51,"kunta":"149","vuosi":2026,"nimi":"Inkoo","namn":"Ingå","name":"Ingå"},"geometry":{"type":"MultiPolygon","coordinates":[[[[23.959605226053583,59.959995209369929],[23.914770854035591,59.947097185469389],[23.878551061683353,59.953340502783817],[23.868342125096355,59.957140459075106],[23.876582652320675,59.960928896253556],[23.905376718891038,59.988285100862562],[23.960533459789797,60.004567305169665],[24.02549630591853,60.002185326368313],[24.036895721394028,59.997052771597723],[24.035054266431644,59.987580646049018],[24.019920914896655,59.976461574251879],[23.959605226053583,59.959995209369929]]],[[[24.045805674528967,60.15011723962909],[24.13623150955824,60.111402646696632],[24.201709714952042,60.128281094044993],[24.276087556902279,60.059697047710294],[24.240002818460955,60.049234920634163],[24.213574099832929,60.04320177027693],[24.18405126641785,60.039881378329937],[24.08683162712888,60.038850558447031],[24.032913947702848,60.037470594927548],[23.950689747394541,60.021855131784925],[23.858571784224626,59.997867896697528],[23.82082080984809,59.987104374210219],[23.773635145957364,60.003211012164329],[23.759067382198047,60.037621492107803],[23.874551689836437,60.047688091922318],[23.815023356279099,60.124411231052271],[23.942377708589767,60.129492555696416],[24.045805674528967,60.15011723962909]]]]}},
{"type":"Feature","properties":{"id":52,"kunta":"151","vuosi":2026,"nimi":"Isojoki","namn":"Storå","name":"Isojoki"},"geometry":{"type":"MultiPolygon","coordinates":[[[[21.938981334800623,62.260434034425501],[22.175337985647154,62.152407128355208],[22.198721516944946,62.10333594857925],[22.108395743349668,62.031847352087041],[21.974686369284807,61.979759585669555],[21.749405167768725,62.015861794544016],[21.647847939153969,62.019585022388114],[21.641700398310032,62.149443115602168],[21.767510209759156,62.222683279114136],[21.82579332148266,62.231675262338314],[21.831829166666139,62.284391435877119],[21.938981334800623,62.260434034425501]]]]}},
{"type":"Feature","properties":{"id":53,"kunta":"152","vuosi":2026,"nimi":"Isokyrö","namn":"Storkyro","name":"Isokyrö"},"geometry":{"type":"MultiPolygon","coordinates":[[[[22.676229887066206,63.083860027729912],[22.53281946224746,63.064737042104923],[22.417357609073722,62.952164727234802],[22.409002784761871,62.864355247123008],[22.302619661609601,62.795106005170183],[22.273865790537819,62.791141912345964],[22.248995668522596,62.880013802891213],[22.143973112681252,62.963107316688308],[22.24232257022323,63.063726477542957],[22.631652110180521,63.101917505912517],[22.676229887066206,63.083860027729912]]]]}},
{"type":"Feature","properties":{"id":54,"kunta":"153","vuosi":2026,"nimi":"Imatra","namn":"Imatra","name":"Imatra"},"geometry":{"type":"MultiPolygon","coordinates":[[[[29.021965868537823,61.188489395641589],[28.985668872154225,61.173811922286617],[28.956857160305802,61.151550339877495],[28.883533715030591,61.142331764751972],[28.819101810223078,61.121576707004508],[28.804300656397711,61.093393286727611],[28.776648539003006,61.079254964134563],[28.734767285367784,61.10065084529213],[28.745288378565768,61.143724421016991],[28.701680111031038,61.231561630413239],[28.745603678972905,61.242981427250221],[28.811471207578162,61.240291858716155],[28.848907675846505,61.249787271084237],[28.845641124360906,61.277634702318231],[28.918882714976736,61.275743420200143],[28.927280720255407,61.227586482427427],[29.021965868537823,61.188489395641589]]]]}},
{"type":"Feature","properties":{"id":55,"kunta":"165","vuosi":2026,"nimi":"Janakkala","namn":"Janakkala","name":"Janakkala"},"geometry":{"type":"MultiPolygon","coordinates":[[[[24.980394130692535,60.90755356200701],[24.94115853261653,60.846627849512878],[24.809333350568259,60.86876422155752],[24.714607765621619,60.796462241093437],[24.690949829290819,60.751488810111802],[24.623343419615665,60.7558762500325],[24.490835550687212,60.744569287171089],[24.42295801067252,60.771209217472034],[24.479906240879661,60.810239113734347],[24.398697667613337,60.902838702633602],[24.557257235346594,60.939474072075598],[24.678841508301897,61.025433447777921],[24.85573659738294,61.008845122638419],[24.94290444905851,60.962718169665834],[24.980394130692535,60.90755356200701]]]]}},
{"type":"Feature","properties":{"id":56,"kunta":"167","vuosi":2026,"nimi":"Joensuu","namn":"Joensuu","name":"Joensuu"},"geometry":{"type":"MultiPolygon","coordinates":[[[[30.361387402999245,62.998402439115281],[30.433442580289078,62.945368618351971],[30.469052415462446,62.869285068968324],[30.55927405948422,62.769915503013969],[30.511558133666572,62.696762293218633],[30.582289026598271,62.686885194090685],[30.593100599161101,62.663590247484102],[30.714106927818847,62.617800644516073],[30.702242282984251,62.59215339693796],[30.755386473696223,62.560812250935136],[30.841063041513664,62.554537681834951],[30.864584886596383,62.536427197406482],[30.920373946491683,62.478122538834882],[30.937418171934187,62.488211745436175],[31.000474323203452,62.459226890339963],[30.938070595363818,62.445376162936327],[30.955459221672758,62.384950976502374],[31.093521847932898,62.41661166858642],[30.942730839083882,62.333213615831632],[30.962075878472746,62.327718645750075],[30.943209263092719,62.30584781768129],[30.904194883967342,62.310539513193056],[30.810812760260156,62.270669014132508],[30.80869321310584,62.261015338199165],[30.789182002666752,62.250802842936487],[30.722965939076897,62.329609376018873],[30.569993384736506,62.372566433894562],[30.407135372604984,62.337183763092121],[30.357037209009217,62.359527895174722],[30.277005290274786,62.350004332236537],[30.240734258322671,62.416349278765558],[29.949640908609673,62.370253359887542],[29.763220867654951,62.407439052596999],[29.751053381359814,62.521363682657793],[29.640312125211072,62.594974229296326],[29.637207991902851,62.654529399369302],[29.74850187121287,62.631946078635657],[29.900650499166613,62.6281460215694],[29.943092961549279,62.566243850508087],[30.110900192325889,62.608659738298087],[30.201115821171566,62.593744836527883],[30.288004865413981,62.632558453806574],[30.19300272165054,62.726063412325836],[30.038120718579421,62.779788780455995],[29.948066191515448,62.883961741361581],[29.959970031972173,63.019549923206434],[29.983645252480493,63.045760499983871],[30.140256140015691,63.032376763451154],[30.239425473706451,63.042439663874148],[30.361387402999245,62.998402439115281]]]]}},
{"type":"Feature","properties":{"id":57,"kunta":"169","vuosi":2026,"nimi":"Jokioinen","namn":"Jockis","name":"Jokioinen"},"geometry":{"type":"MultiPolygon","coordinates":[[[[23.55046486665411,60.788933146544771],[23.502136916093001,60.74398925819586],[23.40862398065719,60.739773800781272],[23.372150778825471,60.814115319454714],[23.276334623781189,60.882184323583132],[23.421936296526273,60.871075280187831],[23.500747502559086,60.947617799039342],[23.547130507065738,60.925111941076914],[23.55046486665411,60.788933146544771]]]]}},
{"type":"Feature","properties":{"id":58,"kunta":"170","vuosi":2026,"nimi":"Jomala","namn":"Jomala","name":"Jomala"},"geometry":{"type":"MultiPolygon","coordinates":[[[[19.999498978571641,60.202300524334404],[19.993650396114539,60.190008335422675],[20.020590110529852,60.181615863845444],[20.050941000892358,60.164749412052316],[20.051839935232422,60.14858046210589],[20.017440344625594,60.103396740120246],[19.999570229539593,60.09724346880202],[19.975984013801529,60.151924683672341],[19.870805951515006,60.136661856802327],[19.886978660835894,60.088842877084765],[19.882818927446738,60.08892234368939],[19.860261196470937,60.093107391354806],[19.816724163699828,60.093352285959078],[19.767412183447135,60.106693267478128],[19.748070436091332,60.131313795379107],[19.747953525589431,60.131816766047351],[19.791966334515028,60.144237386940517],[19.841181373475255,60.18766741228427],[19.930574470273065,60.210859187998857],[19.999498978571641,60.202300524334404]]]]}},
{"type":"Feature","properties":{"id":59,"kunta":"171","vuosi":2026,"nimi":"Joroinen","namn":"Jorois","name":"Joroinen"},"geometry":{"type":"MultiPolygon","coordinates":[[[[27.757958702634962,62.367394354205516],[27.740369180645523,62.323131635368526],[27.833057455642159,62.278197135651894],[27.891874402243555,62.290022166832998],[28.048921817445198,62.235292677270742],[28.059655397475595,62.204961281966895],[28.026845168482858,62.170378181095714],[28.080087657435811,62.11643782128661],[27.926983917999909,62.082351334893367],[27.94472326412421,62.058634110832699],[27.866773620075858,62.040431517087505],[27.871848743684563,62.006461803586021],[27.793608066167597,61.987759130630309],[27.65308048968825,62.027765182157871],[27.630933907071096,62.150206871897133],[27.566164121926622,62.147642354747319],[27.548908145891637,62.209869000521344],[27.531604815301499,62.268127494268981],[27.631887058689834,62.282963078750868],[27.691911101735322,62.374759485140274],[27.757958702634962,62.367394354205516]]]]}},
{"type":"Feature","properties":{"id":60,"kunta":"172","vuosi":2026,"nimi":"Joutsa","namn":"Joutsa","name":"Joutsa"},"geometry":{"type":"MultiPolygon","coordinates":[[[[26.331673524659461,62.0367892603523],[26.414590347114665,61.972885525795441],[26.330064778432124,61.940462413155998],[26.324292213692125,61.880033967100637],[26.378090098497463,61.883067598421917],[26.38910241417685,61.854152609818961],[26.367181305001285,61.807873460803087],[26.452154012282961,61.775728487081778],[26.527086838181294,61.704575282156974],[26.515458036200322,61.627056458651566],[26.377188763622161,61.657805244640485],[26.315039150182866,61.608449415135752],[26.283079568631837,61.656703444679913],[26.191814211366626,61.65003337447876],[26.137587391204779,61.619534591312288],[26.052474439796637,61.738340888687389],[25.980307741895775,61.747174359737777],[25.921638127236072,61.787347152230296],[25.844956218786027,61.801407879852022],[25.921275408829558,61.858460138961043],[25.850075249860328,61.890644660095802],[25.984865374038407,61.965768920281938],[25.951446644058159,61.997468178024334],[25.976455836739813,62.035827319644405],[26.050724025488126,62.03335162696122],[26.116097830300689,61.996596375892835],[26.163312948089793,62.038480337348879],[26.331673524659461,62.0367892603523]]]]}},
{"type":"Feature","properties":{"id":61,"kunta":"176","vuosi":2026,"nimi":"Juuka","namn":"Juga","name":"Juuka"},"geometry":{"type":"MultiPolygon","coordinates":[[[[29.467286890338372,63.347850190031096],[29.574947966890289,63.325388966004759],[29.547309420032299,63.297039109717844],[29.567900989507464,63.253691721122351],[29.62926689360442,63.24398207031431],[29.650545385546156,63.198883414122605],[29.641113668296285,63.155150416300685],[29.787163889480112,63.051498398053688],[29.737811620833266,63.005531017698132],[29.605672310903564,62.968487228913943],[29.52672081761321,63.008955216634106],[29.497626538892554,63.061827383368772],[29.41611244890246,63.106987218776567],[29.355171495724676,63.054563908136579],[29.148704118085583,63.029897117045451],[29.127455807600761,62.990001201875138],[29.064838655012586,62.986573311279273],[28.86102086565424,63.057029701028036],[28.762386834188298,63.136715454715144],[28.698017486194569,63.183109210535548],[28.610804126707034,63.203835319871374],[28.736763922480897,63.311357421201073],[28.759525823283294,63.387808854048799],[28.819603648068451,63.367397683314813],[28.893442205049165,63.409981485667288],[29.106814610960324,63.449715587636248],[29.183069586737922,63.444137504359368],[29.331510721834061,63.361079280208465],[29.467286890338372,63.347850190031096]]]]}},
{"type":"Feature","properties":{"id":62,"kunta":"177","vuosi":2026,"nimi":"Juupajoki","namn":"Juupajoki","name":"Juupajoki"},"geometry":{"type":"MultiPolygon","coordinates":[[[[24.52464400530398,61.909333344402725],[24.666651269863564,61.862989506335268],[24.555393031573573,61.715538248544654],[24.416547512125479,61.73749549316333],[24.227415504168629,61.824806440867697],[24.410989836665117,61.859364733785753],[24.438634490337989,61.910566200001817],[24.52464400530398,61.909333344402725]]]]}},
{"type":"Feature","properties":{"id":63,"kunta":"178","vuosi":2026,"nimi":"Juva","namn":"Juva","name":"Juva"},"geometry":{"type":"MultiPolygon","coordinates":[[[[27.65308048968825,62.027765182157871],[27.793608066167597,61.987759130630309],[27.871848743684563,62.006461803586021],[28.074976788978432,61.949247258649336],[28.132210312877632,61.97726102212237],[28.227784858230134,61.957697578918967],[28.221653617661108,61.937574176229944],[28.156927041732356,61.920140465681257],[28.088783295053322,61.885281086781966],[28.125785750849506,61.852064534498652],[28.116985388532651,61.809342710396443],[28.187962281366783,61.763008951406576],[28.112230103833625,61.734455053807224],[28.176055089453371,61.71694120117391],[28.124158156188621,61.667870791852884],[28.120439140337187,61.618921426415696],[27.98077603817379,61.655940612866701],[27.969343494951211,61.604556327059413],[27.900382419290185,61.545595533291845],[27.874346428883925,61.597086552650971],[27.877102870936397,61.653092812163052],[27.80961145270399,61.687324685493927],[27.650463262157334,61.69834746215389],[27.540708107281279,61.762694217932498],[27.433432268654201,61.864605225665876],[27.429776307808986,61.906960504469922],[27.470319702338035,61.937672718019556],[27.393024769867463,61.981818260678835],[27.392461755128146,62.005862094873173],[27.464363792346749,62.03486090026864],[27.65308048968825,62.027765182157871]]]]}},
{"type":"Feature","properties":{"id":64,"kunta":"179","vuosi":2026,"nimi":"Jyväskylä","namn":"Jyväskylä","name":"Jyväskylä"},"geometry":{"type":"MultiPolygon","coordinates":[[[[26.048622298359152,62.181278518204543],[25.960320862728665,62.158418975814946],[25.960900123686923,62.074654561722809],[25.839612454397052,62.127769341289408],[25.795206628009133,62.094439421365827],[25.705155659385468,62.118165405958379],[25.715371835316652,62.149629139669173],[25.79402233512652,62.152396790433393],[25.762098341170155,62.179884523803644],[25.600402605593832,62.186195497643048],[25.570796494024904,62.242826654702675],[25.493946402036887,62.233008898622707],[25.479357132106117,62.184429353530923],[25.541844947027997,62.159968048605023],[25.479702714999711,62.086112879518581],[25.767989107301887,62.06355418989974],[25.951446644058159,61.997468178024334],[25.984865374038407,61.965768920281938],[25.850075249860328,61.890644660095802],[25.793981817962287,61.892322574440207],[25.75164191007627,61.849535310135494],[25.596409733505432,61.839518897628416],[25.442612595439805,61.931464194748521],[25.335614125586886,61.950825371400818],[25.371185273624999,62.005976731550057],[25.260780348716128,62.048348723149132],[25.347691218426011,62.109785149661825],[25.285212598745971,62.152362155483175],[25.469887648976886,62.32448548412372],[25.408210587509842,62.340437856735491],[25.299929903723822,62.355801844982146],[25.28541089203576,62.389180684528995],[25.489850511212016,62.39762092710734],[25.579133273669946,62.428745571884733],[25.71884638540773,62.39244480555007],[25.842308443104688,62.368474557191739],[25.81670467009253,62.305595489687619],[25.878782358729062,62.27267775365226],[25.962048113085523,62.298647987872037],[26.050994534085557,62.26759035012487],[26.048622298359152,62.181278518204543]]]]}},
{"type":"Feature","properties":{"id":65,"kunta":"181","vuosi":2026,"nimi":"Jämijärvi","namn":"Jämijärvi","name":"Jämijärvi"},"geometry":{"type":"MultiPolygon","coordinates":[[[[22.738728762761287,61.910643828353422],[22.788185038160016,61.870625657965377],[22.800425595730992,61.846605653009355],[22.828421841251782,61.815218148825132],[22.786365113312922,61.755335952118308],[22.693701635849802,61.737766163237403],[22.54424010737613,61.802287268202015],[22.516369511412087,61.897697677473204],[22.646643462232735,61.952107505547026],[22.738728762761287,61.910643828353422]]]]}},
{"type":"Feature","properties":{"id":66,"kunta":"182","vuosi":2026,"nimi":"Jämsä","namn":"Jämsä","name":"Jämsä"},"geometry":{"type":"MultiPolygon","coordinates":[[[[25.285212598745971,62.152362155483175],[25.347691218426011,62.109785149661825],[25.260780348716128,62.048348723149132],[25.371185273624999,62.005976731550057],[25.335614125586886,61.950825371400818],[25.442612595439805,61.931464194748521],[25.596409733505432,61.839518897628416],[25.535220960616108,61.779559386894057],[25.412264814701096,61.755256544588548],[25.372843983166288,61.713074319231694],[25.014742552183129,61.775201727203246],[24.913461536799723,61.706475295764434],[24.960334465624957,61.630652656737425],[24.812033976707987,61.660023706187623],[24.735950995135884,61.693762967589727],[24.724470398182863,61.749016468447948],[24.820712831511241,61.770133958885857],[24.666651269863564,61.862989506335268],[24.52464400530398,61.909333344402725],[24.621260753821304,61.992534457489924],[24.730913476120385,62.023191749646323],[24.877913663741246,62.058901458585339],[24.829042785795139,62.112530375224281],[24.968808154787048,62.210801236536383],[25.118260964064987,62.163791673648305],[25.285212598745971,62.152362155483175]]]]}},
{"type":"Feature","properties":{"id":67,"kunta":"186","vuosi":2026,"nimi":"Järvenpää","namn":"Träskända","name":"Järvenpää"},"geometry":{"type":"MultiPolygon","coordinates":[[[[25.16930216273153,60.506231275417086],[25.18070861885132,60.460857273252834],[25.044459404629009,60.44756105506837],[25.030989625315996,60.5120837748496],[25.128145904171955,60.528528653055794],[25.16930216273153,60.506231275417086]]]]}},
{"type":"Feature","properties":{"id":68,"kunta":"202","vuosi":2026,"nimi":"Kaarina","namn":"S:t Karins","name":"Kaarina"},"geometry":{"type":"MultiPolygon","coordinates":[[[[22.60748032745709,60.381843370932984],[22.562090711062613,60.357132950984074],[22.564637642685238,60.364562392611404],[22.561325519824038,60.375688345364409],[22.535287600133415,60.385512834827885],[22.504736467164609,60.388437999323344],[22.48541091729496,60.386344464426216],[22.47789336574138,60.385549443389465],[22.443757616991501,60.383314599167008],[22.42247841828058,60.38316890311787],[22.387647012490845,60.378449585975417],[22.359556861649189,60.376299708911191],[22.332898432667669,60.372436730526552],[22.313224111214225,60.369400707314092],[22.306318330341295,60.367489818228293],[22.274215968402604,60.402617577775544],[22.362995123841827,60.430060026795147],[22.365284915236941,60.478312976222796],[22.433370138356821,60.452671068888314],[22.578785065900107,60.495074113699708],[22.60748032745709,60.381843370932984]]]]}},
{"type":"Feature","properties":{"id":69,"kunta":"204","vuosi":2026,"nimi":"Kaavi","namn":"Kaavi","name":"Kaavi"},"geometry":{"type":"MultiPolygon","coordinates":[[[[29.064838655012586,62.986573311279273],[28.971774147030043,62.958758829649724],[28.973226643320199,62.910805459014021],[29.097602163514782,62.845589545365854],[28.96622919900247,62.80299678809827],[28.930527122962367,62.774626232103408],[28.79009325152132,62.833796561180712],[28.744411849861024,62.812376949690481],[28.658105479562316,62.885199860257949],[28.385947343172138,62.963860939489159],[28.465034315779921,63.015475218444379],[28.397943971869118,63.052291297553396],[28.471539199046155,63.107353476749623],[28.762386834188298,63.136715454715144],[28.86102086565424,63.057029701028036],[29.064838655012586,62.986573311279273]]]]}},
{"type":"Feature","properties":{"id":70,"kunta":"205","vuosi":2026,"nimi":"Kajaani","namn":"Kajana","name":"Kajaani"},"geometry":{"type":"MultiPolygon","coordinates":[[[[28.132838890178608,64.317145038313683],[27.796785506926401,64.162406014537055],[27.831458736236907,64.044268832547203],[28.065434484440768,63.903522137715413],[27.926320966693325,63.844570091173416],[27.540596774382244,63.956432799221261],[27.449494289819615,63.944381160562862],[27.119271141808067,63.990779380521552],[26.87040219452475,64.036973832833311],[26.781108999649483,64.05710016387529],[26.770870945470062,64.216023506568234],[26.76749964268063,64.265165540875557],[26.817625699320327,64.298781707410299],[26.941675378784378,64.327065015021006],[27.040635951973442,64.292093732692507],[27.187766414503884,64.310323814124615],[27.427016363595705,64.292890609001418],[27.792932764751832,64.365170117025329],[28.132838890178608,64.317145038313683]]]]}},
{"type":"Feature","properties":{"id":71,"kunta":"208","vuosi":2026,"nimi":"Kalajoki","namn":"Kalajoki","name":"Kalajoki"},"geometry":{"type":"MultiPolygon","coordinates":[[[[23.615960701883537,64.176704023650203],[23.575733099121333,64.175674700212497],[23.565496896425607,64.183516045565554],[23.567207349845567,64.192985539932309],[23.571411183600283,64.197305120687773],[23.579822733143029,64.205943934741526],[23.583453603948477,64.211596672216331],[23.585540538852001,64.216404965031259],[23.627400268457819,64.224831700117647],[23.654246132645412,64.214314756903605],[23.655598413439208,64.203121168766998],[23.644408196946504,64.190193757110066],[23.630338905019677,64.182065832551885],[23.626970166566529,64.180811567032762],[23.615960701883537,64.176704023650203]]],[[[24.287705378021556,64.300094224809428],[24.199837726316467,64.249558161974647],[24.264655085838744,64.209800863170003],[24.137082252355725,64.191385352947066],[24.346336184801487,64.041516296868366],[24.306638460486873,64.022120853205109],[24.127078414754212,63.982785362403554],[24.087077688214141,64.071145007623898],[23.9704427449748,64.095265575615556],[23.879610134121936,64.012407887417154],[23.74614529625585,63.973731929894342],[23.579952984685722,64.061248520295692],[23.595293150381917,64.07501716526663],[23.590608742081741,64.10992990149947],[23.588085746356033,64.128818833249724],[23.617018900906206,64.144400834258221],[23.62899702955616,64.14737255424393],[23.655406464388484,64.167673926589273],[23.674667709897669,64.182464099004889],[23.697273699410882,64.201511546250259],[23.721712050883781,64.222580508675051],[23.765937919481892,64.24116603302484],[23.786360091359185,64.276724351581819],[23.809838511358148,64.288102889415242],[23.837354537582236,64.291483941318987],[23.856731763773979,64.286514597751776],[23.870310933162344,64.276121533497303],[23.898944446620195,64.271344759147652],[23.919522774938308,64.281296737545091],[23.916765210003966,64.304132939075927],[23.908863322624896,64.31743349041038],[23.930780157204602,64.343571978746439],[23.984469053946736,64.377015120636756],[24.264593123129135,64.31210613135147],[24.287705378021556,64.300094224809428]]]]}},
{"type":"Feature","properties":{"id":72,"kunta":"211","vuosi":2026,"nimi":"Kangasala","namn":"Kangasala","name":"Kangasala"},"geometry":{"type":"MultiPolygon","coordinates":[[[[24.828342650426599,61.553430864517637],[24.945434647659571,61.539032629781104],[24.970480582721905,61.450703815640054],[24.859952702740166,61.475977768293021],[24.781801392839245,61.491006717492525],[24.729095877341503,61.445853764451897],[24.449114007257229,61.414435924497695],[24.281979065099122,61.438131528737102],[24.286852594473547,61.400087343134345],[24.079139117941732,61.330483628053841],[23.957771294713659,61.331348604890934],[23.890192527295564,61.427368437586559],[24.118516743255732,61.627191290872659],[24.245113418950474,61.568250229970069],[24.319291757828982,61.584999259473527],[24.348445842821185,61.555345662363941],[24.625636279037835,61.513741964634917],[24.736994639133105,61.525747707166239],[24.744850729799797,61.565902283363023],[24.828342650426599,61.553430864517637]]]]}},
{"type":"Feature","properties":{"id":73,"kunta":"213","vuosi":2026,"nimi":"Kangasniemi","namn":"Kangasniemi","name":"Kangasniemi"},"geometry":{"type":"MultiPolygon","coordinates":[[[[26.85273803949617,62.12890094706502],[26.83149434444719,62.075425709782536],[26.874503027221532,62.044706957637231],[26.972759247534736,62.039202662014823],[27.126573915844848,61.963707114207295],[26.982656626004729,61.902381151105878],[26.942180151559175,61.922251515503611],[26.86638332580738,61.901255505743187],[26.832212428415673,61.850305379518559],[26.711780012486976,61.825651491567307],[26.632918993941484,61.799942960376882],[26.606027849229278,61.858541346402852],[26.530117468721276,61.84386377990819],[26.38910241417685,61.854152609818961],[26.378090098497463,61.883067598421917],[26.324292213692125,61.880033967100637],[26.330064778432124,61.940462413155998],[26.414590347114665,61.972885525795441],[26.331673524659461,62.0367892603523],[26.220722544400065,62.118561693831467],[26.315948111866071,62.200470678543923],[26.4378629675575,62.219798787248884],[26.544033921204647,62.26562675595185],[26.614092408363273,62.217059804827542],[26.631160014980082,62.276962683347115],[26.683160555570272,62.307726352616143],[26.71858018526488,62.257034480952825],[26.697861310826909,62.212443478517685],[26.85273803949617,62.12890094706502]]]]}},
{"type":"Feature","properties":{"id":74,"kunta":"214","vuosi":2026,"nimi":"Kankaanpää","namn":"Kankaanpää","name":"Kankaanpää"},"geometry":{"type":"MultiPolygon","coordinates":[[[[22.522595370114075,61.998105847734536],[22.646643462232735,61.952107505547026],[22.516369511412087,61.897697677473204],[22.54424010737613,61.802287268202015],[22.693701635849802,61.737766163237403],[22.691008642394191,61.702547179402671],[22.647174002526185,61.696501265580395],[22.556169269482325,61.686066742696042],[22.382677394698806,61.709363370905287],[22.298418178051314,61.756781670885424],[22.191712652052779,61.740817800224953],[22.163665878275836,61.772257059206105],[22.087520578094274,61.782659356393168],[22.034855121181899,61.804341528172884],[22.17543515706982,61.878838993880748],[22.138185064475209,61.896268751189226],[22.009657216753393,61.934404298886939],[21.974686369284807,61.979759585669555],[22.108395743349668,62.031847352087041],[22.198721516944946,62.10333594857925],[22.320064019232049,62.103105678306243],[22.373688388493115,62.142448107440508],[22.445411977627938,62.109543182956273],[22.419814139033839,62.063513770310308],[22.449847484951071,62.031752893722562],[22.433171555744732,62.013213337266038],[22.522595370114075,61.998105847734536]]]]}},
{"type":"Feature","properties":{"id":75,"kunta":"216","vuosi":2026,"nimi":"Kannonkoski","namn":"Kannonkoski","name":"Kannonkoski"},"geometry":{"type":"MultiPolygon","coordinates":[[[[25.70768980689143,62.920742871599842],[25.571118711825527,62.859267801596786],[25.534522013543864,62.906040228966866],[25.467251332704205,62.908490612346888],[25.300406461033237,62.818463941133601],[25.180259050772573,62.875933080447446],[25.188951050586798,62.924961135533401],[25.06591814719042,62.945117803294409],[25.05248666212767,63.007888336515045],[25.158975064564682,63.033018352540822],[25.15983794903708,63.080410848307039],[25.37509485651082,63.099269223347278],[25.530450450813667,63.033459455212842],[25.519467077919369,62.987432947032076],[25.586666318107874,62.95982849463141],[25.683061041256881,62.954589498525607],[25.70768980689143,62.920742871599842]]]]}},
{"type":"Feature","properties":{"id":76,"kunta":"217","vuosi":2026,"nimi":"Kannus","namn":"Kannus","name":"Kannus"},"geometry":{"type":"MultiPolygon","coordinates":[[[[24.127078414754212,63.982785362403554],[24.247452259348378,63.876949483079443],[24.110831256689046,63.871262111880156],[24.016525502265615,63.83176013569296],[23.985213939981943,63.75625525340655],[23.808325776227999,63.865188296591292],[23.710854983460735,63.907546313013178],[23.74614529625585,63.973731929894342],[23.879610134121936,64.012407887417154],[23.9704427449748,64.095265575615556],[24.087077688214141,64.071145007623898],[24.127078414754212,63.982785362403554]]]]}},
{"type":"Feature","properties":{"id":77,"kunta":"218","vuosi":2026,"nimi":"Karijoki","namn":"Bötom","name":"Karijoki"},"geometry":{"type":"MultiPolygon","coordinates":[[[[21.875631097543192,62.361896631539047],[21.938981334800623,62.260434034425501],[21.831829166666139,62.284391435877119],[21.82579332148266,62.231675262338314],[21.767510209759156,62.222683279114136],[21.672860378648526,62.260112774112422],[21.68657196874992,62.355213700215863],[21.558793057599893,62.357781766206379],[21.5541301076283,62.424298740312707],[21.875631097543192,62.361896631539047]]]]}},
{"type":"Feature","properties":{"id":78,"kunta":"224","vuosi":2026,"nimi":"Karkkila","namn":"Högfors","name":"Karkkila"},"geometry":{"type":"MultiPolygon","coordinates":[[[[24.423680353445114,60.552491480718757],[24.464904468611344,60.504066319208455],[24.288067407346347,60.47546557438438],[24.17125416285463,60.484738183385183],[23.971326729990079,60.638201014183053],[24.046748246505167,60.642324511485313],[24.237263725686503,60.618066046318511],[24.285386668659946,60.565410609237468],[24.347723543543651,60.612153722500928],[24.403254969760873,60.595621350365882],[24.423680353445114,60.552491480718757]]]]}},
{"type":"Feature","properties":{"id":79,"kunta":"226","vuosi":2026,"nimi":"Karstula","namn":"Karstula","name":"Karstula"},"geometry":{"type":"MultiPolygon","coordinates":[[[[25.05248666212767,63.007888336515045],[25.06591814719042,62.945117803294409],[25.188951050586798,62.924961135533401],[25.180259050772573,62.875933080447446],[25.300406461033237,62.818463941133601],[25.172940002907374,62.798690414225135],[25.036633625470881,62.862302460019819],[24.931239946513458,62.818580720429303],[24.947916073764464,62.785764358555056],[24.900222518705256,62.743212204561971],[24.822516783049529,62.790277354573959],[24.504238561712238,62.710430464051086],[24.34197629248083,62.859258936520369],[24.448430222840987,62.870989723024884],[24.433996365317125,62.907844140339257],[24.342973518820941,62.917716105839474],[24.348219727976751,62.963698544328146],[24.445884788310586,62.960860116115356],[24.513249299583361,62.94167607942962],[24.604810272002048,62.997912043413685],[24.709078740083239,62.984055557315635],[24.881657942575465,63.045731361797493],[25.026838781771048,63.04633199528984],[25.05248666212767,63.007888336515045]]]]}},
{"type":"Feature","properties":{"id":80,"kunta":"230","vuosi":2026,"nimi":"Karvia","namn":"Karvia","name":"Karvia"},"geometry":{"type":"MultiPolygon","coordinates":[[[[22.634251816714897,62.300871418318309],[22.831252263740762,62.270883649430338],[22.861626435080534,62.172556003238242],[22.770893533541688,62.154394570423278],[22.780240238328659,62.060723615889877],[22.522595370114075,61.998105847734536],[22.433171555744732,62.013213337266038],[22.449847484951071,62.031752893722562],[22.419814139033839,62.063513770310308],[22.445411977627938,62.109543182956273],[22.373688388493115,62.142448107440508],[22.450427095869916,62.198458678165068],[22.524828678240645,62.210192801739687],[22.591748158700117,62.311125804126419],[22.634251816714897,62.300871418318309]]]]}},
{"type":"Feature","properties":{"id":81,"kunta":"231","vuosi":2026,"nimi":"Kaskinen","namn":"Kaskö","name":"Kaskinen"},"geometry":{"type":"MultiPolygon","coordinates":[[[[21.283665659989037,62.362863705200674],[21.269944689683228,62.361964889424385],[21.253000343888313,62.361891882849321],[21.202303023858814,62.366621666330133],[21.168612214661572,62.37546879081269],[21.16580970350849,62.377690999264651],[21.253125969811283,62.426200363011702],[21.341725428460279,62.393456432736464],[21.283665659989037,62.362863705200674]]]]}},
{"type":"Feature","properties":{"id":82,"kunta":"232","vuosi":2026,"nimi":"Kauhajoki","namn":"Kauhajoki","name":"Kauhajoki"},"geometry":{"type":"MultiPolygon","coordinates":[[[[22.634251816714897,62.300871418318309],[22.591748158700117,62.311125804126419],[22.524828678240645,62.210192801739687],[22.450427095869916,62.198458678165068],[22.373688388493115,62.142448107440508],[22.320064019232049,62.103105678306243],[22.198721516944946,62.10333594857925],[22.175337985647154,62.152407128355208],[21.938981334800623,62.260434034425501],[21.875631097543192,62.361896631539047],[22.041523987599465,62.541444595928837],[22.292023146464309,62.531849296869765],[22.364155535542746,62.492548337393217],[22.581399656446902,62.467664942713753],[22.64189749848433,62.411718555175803],[22.634251816714897,62.300871418318309]]]]}},
{"type":"Feature","properties":{"id":83,"kunta":"233","vuosi":2026,"nimi":"Kauhava","namn":"Kauhava","name":"Kauhava"},"geometry":{"type":"MultiPolygon","coordinates":[[[[23.443462351332023,63.281774977503026],[23.377543929125746,63.228108853932063],[23.314613679703946,63.200814690118094],[23.404237442707505,63.166027489099555],[23.454826917164944,63.06330732988382],[23.3533943792809,63.027302557706705],[23.052074835472798,63.029696478240766],[22.896909658592961,63.073513635349748],[22.78411600284926,63.037923807959984],[22.676229887066206,63.083860027729912],[22.631652110180521,63.101917505912517],[22.650473871160184,63.153311350305685],[22.606627311543814,63.177319069109508],[22.597178539299293,63.213157300851137],[22.574634526357436,63.255814436385215],[22.616559788601261,63.282048039888608],[22.735608379995721,63.358959338835426],[22.945259782773999,63.328276618663999],[22.971599682258574,63.372265635902188],[23.103957953315764,63.357988121106651],[23.207039643760091,63.398961427147817],[23.225533823621145,63.342869048128357],[23.443462351332023,63.281774977503026]]]]}},
{"type":"Feature","properties":{"id":84,"kunta":"235","vuosi":2026,"nimi":"Kauniainen","namn":"Grankulla","name":"Kauniainen"},"geometry":{"type":"MultiPolygon","coordinates":[[[[24.791770494230811,60.221232455647119],[24.757043677254636,60.187589097021224],[24.693377739217436,60.189330167852724],[24.667408516732642,60.207768048797433],[24.661056525068574,60.230327008516497],[24.72558848764405,60.244673506899069],[24.791770494230811,60.221232455647119]]]]}},
{"type":"Feature","properties":{"id":85,"kunta":"236","vuosi":2026,"nimi":"Kaustinen","namn":"Kaustby","name":"Kaustinen"},"geometry":{"type":"MultiPolygon","coordinates":[[[[24.098946787348165,63.57705505313325],[24.040818042464135,63.521541444996117],[23.942971916524765,63.497870501688645],[23.85906996951713,63.531571043931798],[23.657768133841511,63.482972835842716],[23.587226599338678,63.570328638726778],[23.490964512916939,63.586375312399824],[23.422407213493234,63.616013546376507],[23.468827340138027,63.661608044310924],[23.582944483176018,63.649724678680052],[23.744081227713703,63.675436993221496],[24.098946787348165,63.57705505313325]]]]}},
{"type":"Feature","properties":{"id":86,"kunta":"239","vuosi":2026,"nimi":"Keitele","namn":"Keitele","name":"Keitele"},"geometry":{"type":"MultiPolygon","coordinates":[[[[26.60684031894035,63.042070938214337],[26.622740793498512,63.020318458712175],[26.543630671841683,62.99881354264339],[26.334274113876695,63.035089484800721],[26.218936319664071,63.089625662924654],[26.16351306177684,63.147041195027718],[26.141890947241745,63.274704395776311],[26.12881145620074,63.330200742681825],[26.07054060654821,63.354779741956307],[26.176711920223674,63.438861608156188],[26.419250013990037,63.260387882897874],[26.493426492708132,63.112126518410534],[26.60684031894035,63.042070938214337]]]]}},
{"type":"Feature","properties":{"id":87,"kunta":"240","vuosi":2026,"nimi":"Kemi","namn":"Kemi","name":"Kemi"},"geometry":{"type":"MultiPolygon","coordinates":[[[[24.747412120070685,65.69503725294895],[24.665083018309648,65.651559527502712],[24.659548970590862,65.654934366299841],[24.65329106342816,65.656812201299573],[24.623516429337236,65.687488467401735],[24.56705816287953,65.6673940229132],[24.544250718415082,65.667028055649823],[24.520463974243896,65.674629532754437],[24.509306900370941,65.686562428828012],[24.535677390178382,65.721271398282752],[24.528277280517841,65.742248586294025],[24.508340372310695,65.753028269852464],[24.475549736994054,65.756931400318422],[24.43619311098432,65.767163444798129],[24.566992395025061,65.789958197667161],[24.663526442177691,65.765097819789489],[24.747412120070685,65.69503725294895]]]]}},
{"type":"Feature","properties":{"id":88,"kunta":"241","vuosi":2026,"nimi":"Keminmaa","namn":"Keminmaa","name":"Keminmaa"},"geometry":{"type":"MultiPolygon","coordinates":[[[[25.225674784287492,65.961531366368774],[25.166241655899388,65.904033635004538],[24.966272450453346,65.825710442302451],[24.913289859425724,65.748516886666209],[24.834890245652282,65.742507656680488],[24.747412120070685,65.69503725294895],[24.663526442177691,65.765097819789489],[24.566992395025061,65.789958197667161],[24.43619311098432,65.767163444798129],[24.525151636604985,65.861421531358346],[24.509555704001148,66.030442882554922],[24.714162118865591,65.962417732126184],[25.040046836038243,65.974697598984662],[25.225674784287492,65.961531366368774]]]]}},
{"type":"Feature","properties":{"id":91,"kunta":"249","vuosi":2026,"nimi":"Keuruu","namn":"Keuru","name":"Keuruu"},"geometry":{"type":"MultiPolygon","coordinates":[[[[25.068965728195295,62.332059854261736],[25.071853945738436,62.238025385792582],[24.968808154787048,62.210801236536383],[24.829042785795139,62.112530375224281],[24.877913663741246,62.058901458585339],[24.730913476120385,62.023191749646323],[24.560196412314809,62.18565007582562],[24.498211629495678,62.197101809908183],[24.427472390027713,62.152704493482375],[24.335947974537124,62.168039683712536],[24.211291897819095,62.252326175031328],[24.080775274547815,62.276405192724987],[24.013003208972052,62.363326371251148],[24.20128513332951,62.482658144327793],[24.284495083179824,62.451250366040014],[24.330883234237909,62.491167166231449],[24.443450086920254,62.484225927499381],[24.530567921024353,62.528407843002853],[24.58601049400167,62.45417986751243],[24.616990625903476,62.429025703263932],[24.714229737815909,62.355633784118304],[24.741696754517509,62.327423204065674],[24.87068843334098,62.349876414315204],[24.902236047096398,62.315839661533978],[25.068965728195295,62.332059854261736]]]]}},
{"type":"Feature","properties":{"id":92,"kunta":"250","vuosi":2026,"nimi":"Kihniö","namn":"Kihniö","name":"Kihniö"},"geometry":{"type":"MultiPolygon","coordinates":[[[[23.424002088534404,62.158110333730946],[23.359187076830981,62.143112632205096],[23.295208395270745,62.082944076484495],[23.141110853790977,62.082665108116913],[22.994363772533539,62.288904016079151],[23.144518227460789,62.319197947453851],[23.217823352439812,62.334166699543474],[23.424002088534404,62.158110333730946]]]]}},
{"type":"Feature","properties":{"id":93,"kunta":"256","vuosi":2026,"nimi":"Kinnula","namn":"Kinnula","name":"Kinnula"},"geometry":{"type":"MultiPolygon","coordinates":[[[[25.333469424013501,63.284312299697405],[25.30931762408262,63.278654206599143],[24.985165678464494,63.231559762703661],[24.856826090827767,63.240281719704058],[24.803602643318431,63.275930507600009],[24.772920967193389,63.358684116119584],[24.902469520964956,63.43123386553372],[25.036315554643913,63.458073170720326],[25.081871553933958,63.467168186217158],[25.333469424013501,63.284312299697405]]]]}},
{"type":"Feature","properties":{"id":94,"kunta":"257","vuosi":2026,"nimi":"Kirkkonummi","namn":"Kyrkslätt","name":"Kirkkonummi"},"geometry":{"type":"MultiPolygon","coordinates":[[[[24.515568815746974,60.281291518924867],[24.503200743314284,60.212862909112758],[24.626771404537294,60.149280131229411],[24.627186751713996,60.126672855439388],[24.63656035345165,60.11349323833776],[24.63218422632869,60.08926048232837],[24.552273370516694,60.034735550490367],[24.485565365012661,59.991456296966227],[24.438604933439663,59.972862270556014],[24.414567700699674,59.970956515937146],[24.405708032479765,59.978864827640528],[24.407760417273575,59.98698741148425],[24.46970114798042,60.020787168300274],[24.474664916174781,60.026270184399699],[24.476455018281115,60.035733376541977],[24.456732544085266,60.044784141348856],[24.437915668266051,60.044330756887248],[24.388433135289382,60.022976580767278],[24.361489410335064,60.02109389448681],[24.353005070869706,60.026222533833028],[24.351741734549282,60.039757632949517],[24.372350053595529,60.062799599979925],[24.361533769623286,60.079357184831274],[24.292806906038749,60.189790519256221],[24.342485770927844,60.246198213033168],[24.417777472522818,60.294140602133005],[24.515568815746974,60.281291518924867]]]]}},
{"type":"Feature","properties":{"id":95,"kunta":"260","vuosi":2026,"nimi":"Kitee","namn":"Kides","name":"Kitee"},"geometry":{"type":"MultiPolygon","coordinates":[[[[30.483086874062877,62.06384394289784],[30.443759090965166,62.032552173479765],[30.383449823533223,61.998171704157016],[30.351659356011872,61.980006517002913],[30.305906574271443,61.964457872425349],[30.312788860756132,61.94498101756006],[30.300740713504517,61.934971734200211],[30.274166799555442,61.933644138218661],[30.211390856113933,61.892707772644144],[30.196181365625986,61.882212404722431],[30.143957436083824,61.852242214888136],[30.082417589883541,61.853209043471274],[29.55927163880596,61.722072804509921],[29.675861546369557,61.791739757156812],[29.696825626737958,61.864398185843058],[29.614863461542321,61.913329084979473],[29.660372528097422,61.976899728391793],[29.482333141392562,62.056686583365341],[29.427146215283109,62.158384577117538],[29.43008176330428,62.236528971350324],[29.612968402749061,62.175267792090757],[29.78416995997312,62.195410887963661],[29.951388615524248,62.146116799069517],[29.877744741195258,62.21183651131993],[30.005086545867748,62.244304499040787],[30.188092316951916,62.235682498385053],[30.208999325058443,62.15667047670982],[30.301182837016693,62.128805733175803],[30.404611446412865,62.070517326313514],[30.483086874062877,62.06384394289784]]]]}},
{"type":"Feature","properties":{"id":96,"kunta":"261","vuosi":2026,"nimi":"Kittilä","namn":"Kittilä","name":"Kittilä"},"geometry":{"type":"MultiPolygon","coordinates":[[[[25.97561956554091,68.277571677675468],[25.878393259661124,68.097364141584691],[26.007839519506796,67.938796405948693],[25.737833645227298,67.541380100554449],[25.760729451080117,67.434160240413263],[25.485615759094053,67.303799515738348],[25.350017390820575,67.15128862121189],[24.861994293487285,67.177119060486831],[24.736798652807916,67.151916968591777],[24.461845391662873,67.346403064179995],[24.272948741279126,67.626854880427217],[24.14524877871844,67.921474632160681],[24.210440157917279,67.990887893221569],[24.17711443503384,68.033931231346259],[24.192043293680776,68.086253533131938],[24.100774326834554,68.092529020096009],[24.10680711409702,68.138940791877545],[24.16015859233509,68.146000622946815],[24.44560125827385,68.320599062481762],[24.698577140264582,68.382202464706964],[25.027195746559062,68.395288746904072],[25.524749417678787,68.31083905849367],[25.97561956554091,68.277571677675468]]]]}},
{"type":"Feature","properties":{"id":97,"kunta":"263","vuosi":2026,"nimi":"Kiuruvesi","namn":"Kiuruvesi","name":"Kiuruvesi"},"geometry":{"type":"MultiPolygon","coordinates":[[[[26.828806608147481,63.666816958909735],[26.80300525248423,63.581898503929551],[26.824552515136173,63.516407841714852],[26.7708140398843,63.461703580405668],[26.693504924515775,63.443510730282703],[26.562612722227723,63.450422196252141],[26.462370240204724,63.443425156437279],[26.361651225483978,63.477787277883358],[26.165383150806399,63.480861929368999],[26.195212388390377,63.569302754322806],[26.291803744852306,63.58994769148137],[26.243438285925539,63.841035480089595],[26.559394743141002,63.963688067709896],[26.758669214506043,63.885158722381682],[26.733630187978122,63.848491802016731],[26.73017899977874,63.815210171175586],[26.835611297141821,63.815368575743989],[26.826196256645201,63.767717310336756],[26.894741640193438,63.695333596947151],[26.828806608147481,63.666816958909735]]]]}},
{"type":"Feature","properties":{"id":98,"kunta":"265","vuosi":2026,"nimi":"Kivijärvi","namn":"Kivijärvi","name":"Kivijärvi"},"geometry":{"type":"MultiPolygon","coordinates":[[[[25.30931762408262,63.278654206599143],[25.315859344638454,63.242473868880957],[25.37509485651082,63.099269223347278],[25.15983794903708,63.080410848307039],[25.158975064564682,63.033018352540822],[25.05248666212767,63.007888336515045],[25.026838781771048,63.04633199528984],[24.881657942575465,63.045731361797493],[24.772883156818185,63.133363611598881],[24.754167639374451,63.265918678806038],[24.803602643318431,63.275930507600009],[24.856826090827767,63.240281719704058],[24.985165678464494,63.231559762703661],[25.30931762408262,63.278654206599143]]]]}},
{"type":"Feature","properties":{"id":99,"kunta":"271","vuosi":2026,"nimi":"Kokemäki","namn":"Kumo","name":"Kokemäki"},"geometry":{"type":"MultiPolygon","coordinates":[[[[22.599107829173786,61.301979667911375],[22.480341353976513,61.170623259226495],[22.27781934921072,61.193998199478287],[22.176204842006207,61.251940625464599],[22.129939463768107,61.265115322301334],[22.17135320987019,61.283818696368492],[22.226165258110218,61.278549957826506],[22.272024025886111,61.3502424624483],[22.205018623124559,61.40739765208312],[22.288593880719432,61.41921060207801],[22.43416186190581,61.488922672757191],[22.57423113778389,61.396878925054438],[22.559454252125605,61.330915285130182],[22.599107829173786,61.301979667911375]]]]}},
{"type":"Feature","properties":{"id":100,"kunta":"272","vuosi":2026,"nimi":"Kokkola","namn":"Karleby","name":"Kokkola"},"geometry":{"type":"MultiPolygon","coordinates":[[[[23.579952984685722,64.061248520295692],[23.74614529625585,63.973731929894342],[23.710854983460735,63.907546313013178],[23.808325776227999,63.865188296591292],[23.985213939981943,63.75625525340655],[24.227697251691023,63.64736733867538],[24.330819338659818,63.6010937428467],[24.408546737361632,63.566004731874912],[24.466864062765271,63.525392452732468],[24.321199546323296,63.499110377648883],[24.098946787348165,63.57705505313325],[23.744081227713703,63.675436993221496],[23.477640380334865,63.779130025636931],[23.444340573256344,63.737221658591395],[23.336351950318932,63.761274459835462],[23.248396654000089,63.716921626502675],[23.011294826555702,63.791710263048863],[22.921536126268176,63.775112483320285],[22.886801595031372,63.812553478117067],[22.808019039455655,63.890012377697083],[22.853701536832965,63.898686890462542],[22.896936337124295,63.897314815894156],[22.919029844979566,63.892639288066817],[22.966323492797951,63.865756235711707],[22.98477547418177,63.864922682954443],[23.013673187710523,63.876593545040265],[23.026605121406615,63.893210406158374],[23.043749129416526,63.901765896379771],[23.077072509154835,63.904111091968289],[23.137288098973347,63.912648872132436],[23.220000990415105,63.915013388676513],[23.226603112508773,63.914467135726113],[23.232367741577463,63.914078427204203],[23.259634963655806,63.916133288571338],[23.274719001798768,63.919306924944117],[23.30215992465137,63.920100600646713],[23.36963891574219,63.920551753089327],[23.385400136022561,63.929658328978334],[23.392132616651807,63.936023483899604],[23.386625385934082,63.953399994736401],[23.371420044250961,63.974575577277434],[23.355028695461566,64.047005102868951],[23.364473295974896,64.068887315109805],[23.408735533278641,64.083549666986627],[23.430204948253802,64.084168291999305],[23.449336371011697,64.08059539223045],[23.501362926294199,64.061740182482907],[23.53952348330488,64.05331440656802],[23.570540393337026,64.05279276003931],[23.579952984685722,64.061248520295692]]]]}},
{"type":"Feature","properties":{"id":101,"kunta":"273","vuosi":2026,"nimi":"Kolari","namn":"Kolari","name":"Kolari"},"geometry":{"type":"MultiPolygon","coordinates":[[[[24.272948741279126,67.626854880427217],[24.461845391662873,67.346403064179995],[24.736798652807916,67.151916968591777],[24.870206405868526,66.937877140758545],[24.158750140365836,67.009522614760385],[23.78438360676947,66.996929396132984],[23.738789574202901,67.017701662215742],[23.674057553960981,67.064538317620247],[23.656753862765658,67.101510093249573],[23.553188860599647,67.171370520041876],[23.595865390035804,67.207818289537798],[23.546260358235276,67.22518793230509],[23.575282493203108,67.268364091380661],[23.720004451710704,67.282327309413077],[23.766952702149396,67.333054022748215],[23.717052986863692,67.386204494744732],[23.764581664648794,67.428214315429756],[23.6924473834816,67.444076264256694],[23.540489905616258,67.461044894905939],[24.065584029020478,67.635533561524397],[24.272948741279126,67.626854880427217]]]]}},
{"type":"Feature","properties":{"id":102,"kunta":"275","vuosi":2026,"nimi":"Konnevesi","namn":"Konnevesi","name":"Konnevesi"},"geometry":{"type":"MultiPolygon","coordinates":[[[[26.446560232981131,62.789173125376955],[26.598386281160074,62.610772579509643],[26.483215272611016,62.532364228459663],[26.400079595057708,62.506179210061376],[26.213726277763907,62.57815399618125],[26.218668363127748,62.491068025867428],[26.140142261401706,62.489475769863546],[26.0359597397252,62.58358582167002],[26.110477091587946,62.605610772755803],[26.233764236134892,62.678368478385835],[26.136065472668655,62.711404842600558],[26.134756838816759,62.760258584225703],[26.066600568684695,62.779071251503893],[26.024797321458013,62.825363068669581],[26.15177405957505,62.846841009290593],[26.356160937666314,62.747409904670761],[26.446560232981131,62.789173125376955]]]]}},
{"type":"Feature","properties":{"id":103,"kunta":"276","vuosi":2026,"nimi":"Kontiolahti","namn":"Kontiolax","name":"Kontiolahti"},"geometry":{"type":"MultiPolygon","coordinates":[[[[29.959970031972173,63.019549923206434],[29.948066191515448,62.883961741361581],[30.038120718579421,62.779788780455995],[30.19300272165054,62.726063412325836],[30.288004865413981,62.632558453806574],[30.201115821171566,62.593744836527883],[30.110900192325889,62.608659738298087],[29.943092961549279,62.566243850508087],[29.900650499166613,62.6281460215694],[29.74850187121287,62.631946078635657],[29.637207991902851,62.654529399369302],[29.584799067008561,62.72146550680818],[29.56322654727159,62.793229707136327],[29.647924078474801,62.806761178824289],[29.723254707102271,62.847024067586645],[29.663291800548372,62.865748851638962],[29.667767462752632,62.904478583789874],[29.605672310903564,62.968487228913943],[29.737811620833266,63.005531017698132],[29.787163889480112,63.051498398053688],[29.864786990817191,63.065751852165455],[29.959970031972173,63.019549923206434]]]]}},
{"type":"Feature","properties":{"id":104,"kunta":"280","vuosi":2026,"nimi":"Korsnäs","namn":"Korsnäs","name":"Korsnäs"},"geometry":{"type":"MultiPolygon","coordinates":[[[[21.092090293520705,62.706576574682714],[21.054018503385265,62.704873574817704],[21.037103825129034,62.714864039325398],[21.033104656131233,62.720093808101865],[21.032014554703213,62.739038250438583],[21.038330698432933,62.751457861268904],[21.055829316312082,62.752291648629956],[21.084990238693994,62.74002631488132],[21.102457515242577,62.727263465641968],[21.102145444175513,62.715100625240865],[21.092090293520705,62.706576574682714]]],[[[21.162274604904617,62.823272555549188],[21.125849402723958,62.813562792483211],[21.095337306506213,62.817591669424985],[21.081008668816207,62.829137823136442],[21.082856235632647,62.83461571774901],[21.105962306825479,62.851877488337813],[21.147754567783426,62.864514687990258],[21.179644729601726,62.868629379294738],[21.20173966520121,62.861534057216595],[21.201670347764026,62.847942946870063],[21.19420643957638,62.840885347329774],[21.162274604904617,62.823272555549188]]],[[[21.302503233576481,62.810025495787556],[21.374406680462901,62.757873286915526],[21.296557199847879,62.669039433600339],[21.164100943068057,62.690605472077216],[21.092369067127521,62.687232544064784],[21.097148343011497,62.695990299316861],[21.115946926311576,62.704882072353136],[21.158050432018673,62.72977456241194],[21.15546328237404,62.756664385118512],[21.115212653949438,62.779278286306734],[21.11068159017028,62.787187693635154],[21.115724325912613,62.79144929258905],[21.132447589900909,62.796289923723812],[21.156375222437209,62.794589326592032],[21.200947730364089,62.793830037917687],[21.227019533111498,62.811193270186486],[21.237007513159895,62.849487649390404],[21.249648931090629,62.874391512404344],[21.262721490000413,62.883114291365771],[21.285128380028404,62.889515958515567],[21.297387737248762,62.887314414286465],[21.313268874529218,62.881943432645045],[21.371595246044738,62.835872853860053],[21.302503233576481,62.810025495787556]]]]}},
{"type":"Feature","properties":{"id":105,"kunta":"284","vuosi":2026,"nimi":"Koski Tl","namn":"Koskis","name":"Koski Tl"},"geometry":{"type":"MultiPolygon","coordinates":[[[[23.207770176088093,60.585697706529999],[23.100717169359541,60.573529048525302],[22.965244304630694,60.71085625493572],[23.031714244979959,60.698807326072178],[23.154615351442764,60.774168237286865],[23.25769555045385,60.627865115021223],[23.207770176088093,60.585697706529999]]]]}},
{"type":"Feature","properties":{"id":106,"kunta":"285","vuosi":2026,"nimi":"Kotka","namn":"Kotka","name":"Kotka"},"geometry":{"type":"MultiPolygon","coordinates":[[[[27.199891579294885,60.277512301868974],[27.183595631885563,60.272060851615507],[27.153605968191421,60.273355384913046],[27.142623993576652,60.282791650895739],[27.145383020167348,60.293558991113329],[27.158996750219821,60.304403494951245],[27.180738784093176,60.311107200830214],[27.208039842061982,60.308464521921373],[27.243416143779225,60.297723957749433],[27.248810586831404,60.29367510208094],[27.248930071542993,60.285597112480275],[27.229730747436268,60.280246468958687],[27.199891579294885,60.277512301868974]]],[[[27.095756803016172,60.38918966057166],[27.082128688156967,60.378338823267512],[27.060376988629784,60.379696683889129],[27.049505397577153,60.383650201291992],[27.032849983230609,60.409234372817068],[27.029955247445184,60.418658887820449],[27.032688677310215,60.42951808834605],[27.043428030159458,60.449708911879199],[27.054342534670969,60.457872214790896],[27.070698046058837,60.457864585217642],[27.079047749127291,60.453821152462638],[27.095756803016172,60.38918966057166]]],[[[26.827396391296901,60.64477529442614],[26.882100212431371,60.636349213084742],[26.922136412968683,60.648552947523399],[27.028502694906653,60.604513053323863],[27.00928470121773,60.549556348069459],[27.023668469126154,60.529405648825268],[26.999094936679871,60.518374546084672],[26.980180090636381,60.485973408634045],[26.991465040403732,60.456357111765726],[26.983293343099511,60.445496526506041],[26.964229609748632,60.436068927723078],[26.936999326261414,60.430583986831564],[26.920661038524919,60.429139212701145],[26.896683574857107,60.432443499374742],[26.882149549988679,60.434405920464151],[26.841894499842194,60.457947094030239],[26.839680469480509,60.474859336243412],[26.753882629017475,60.575709731647471],[26.786694653115841,60.604519112409967],[26.741132617126663,60.656270860832954],[26.781605479442241,60.673502917344393],[26.827396391296901,60.64477529442614]]]]}},
{"type":"Feature","properties":{"id":107,"kunta":"286","vuosi":2026,"nimi":"Kouvola","namn":"Kouvola","name":"Kouvola"},"geometry":{"type":"MultiPolygon","coordinates":[[[[27.205820105829947,61.162471387298091],[27.228489977819816,61.090202259823307],[27.150648631354191,61.062293465463362],[27.141153440474334,61.010547866076585],[27.241662127778937,60.973185459517012],[27.136110474356315,60.951247242036921],[27.213224321664324,60.904049862327703],[27.324513639292714,60.889348701505796],[27.428359698912598,60.842640037442749],[27.292644669829407,60.822001224438573],[27.225272961089367,60.760397319144637],[27.124651148758922,60.776862639822902],[27.103117334156519,60.685545785052291],[26.922136412968683,60.648552947523399],[26.882100212431371,60.636349213084742],[26.827396391296901,60.64477529442614],[26.781605479442241,60.673502917344393],[26.741132617126663,60.656270860832954],[26.786694653115841,60.604519112409967],[26.753882629017475,60.575709731647471],[26.682763889320867,60.649293628258107],[26.597278764294064,60.641410454424587],[26.541783796221424,60.575006455494481],[26.458453237888687,60.639082079585535],[26.458384887283007,60.639095791703788],[26.34722784866009,60.661333387156937],[26.347227279199849,60.661333501103826],[26.347129076051722,60.661353089708356],[26.347104681240658,60.6613579629174],[26.347094393368845,60.661377234848921],[26.347002577450571,60.661549428962019],[26.300130520413052,60.749205582758577],[26.30014194627055,60.749207420119667],[26.374424663335891,60.761108654399649],[26.378856335907845,60.805536923711173],[26.511392393731299,60.840615309902503],[26.544968246848597,60.8838186799222],[26.504357973955049,61.009796049303858],[26.386341378743456,61.027745847387777],[26.346189756469457,61.000471072699519],[26.265810974983374,61.011660486150717],[26.267318836940987,61.069826832132662],[26.310965913533874,61.106654712823961],[26.234450451468238,61.130004293993352],[26.385477650570969,61.188137858239791],[26.424970125315955,61.251502835787591],[26.513662871660539,61.274326396407247],[26.633799431793744,61.287146354990348],[26.671101565327678,61.243590570433149],[26.661317791705699,61.206879021660669],[26.852307263644104,61.283686719327271],[26.920758582575299,61.225749317534145],[26.912133044486779,61.183161526046035],[27.03116750114166,61.152061287478205],[27.205820105829947,61.162471387298091]]]]}},
{"type":"Feature","properties":{"id":108,"kunta":"287","vuosi":2026,"nimi":"Kristiinankaupunki","namn":"Kristinestad","name":"Kristinestad"},"geometry":{"type":"MultiPolygon","coordinates":[[[[21.767510209759156,62.222683279114136],[21.641700398310032,62.149443115602168],[21.647847939153969,62.019585022388114],[21.426639767526076,62.009585021904286],[21.332016553974324,61.966964833553227],[21.317483530959354,61.98367124433647],[21.286136139818328,61.995779288613669],[21.278928416369737,62.003577983675932],[21.277146868268471,62.013041919629991],[21.304168780949318,62.050694665505041],[21.313550578305925,62.091662557600053],[21.344133762478524,62.141687410899095],[21.345156433161371,62.16602268646939],[21.353842301665122,62.181313856573375],[21.369788256471782,62.188712589843441],[21.403792773841285,62.207817981863201],[21.412841562988962,62.220329836935207],[21.412962341509843,62.235269647333439],[21.390193807630379,62.247754005219413],[21.316526849347326,62.252665927046579],[21.298085963021734,62.257306115535499],[21.29081521661832,62.265104603131867],[21.298474413117123,62.293943799739594],[21.312056113771401,62.303859882335409],[21.311548545914501,62.306538397576716],[21.322792435460908,62.318758627134727],[21.5541301076283,62.424298740312707],[21.558793057599893,62.357781766206379],[21.68657196874992,62.355213700215863],[21.672860378648526,62.260112774112422],[21.767510209759156,62.222683279114136]]]]}},
{"type":"Feature","properties":{"id":109,"kunta":"288","vuosi":2026,"nimi":"Kruunupyy","namn":"Kronoby","name":"Kronoby"},"geometry":{"type":"MultiPolygon","coordinates":[[[[23.744081227713703,63.675436993221496],[23.582944483176018,63.649724678680052],[23.468827340138027,63.661608044310924],[23.422407213493234,63.616013546376507],[23.490964512916939,63.586375312399824],[23.587226599338678,63.570328638726778],[23.657768133841511,63.482972835842716],[23.696988939988632,63.380320683328058],[23.543962182199181,63.467534213854762],[23.392888588997,63.498046661618773],[23.163086411471461,63.638041451812526],[22.937002718232993,63.675724986405129],[22.829676855632925,63.735911217042677],[22.921536126268176,63.775112483320285],[23.011294826555702,63.791710263048863],[23.248396654000089,63.716921626502675],[23.336351950318932,63.761274459835462],[23.444340573256344,63.737221658591395],[23.477640380334865,63.779130025636931],[23.744081227713703,63.675436993221496]]]]}},
{"type":"Feature","properties":{"id":110,"kunta":"290","vuosi":2026,"nimi":"Kuhmo","namn":"Kuhmo","name":"Kuhmo"},"geometry":{"type":"MultiPolygon","coordinates":[[[[29.989400102946558,64.5876221968674],[29.986957069642287,64.533896864176384],[30.029679796191388,64.500627748399623],[30.024367987185261,64.482992700291817],[30.058338097716657,64.450887274643236],[30.044866299145607,64.402028656633107],[30.109924106307002,64.365028630860905],[30.210150339466789,64.350465532427606],[30.366933066609064,64.299687163904551],[30.36080532289807,64.281318886786295],[30.388273482465003,64.269068316826562],[30.48243634834321,64.262325864808062],[30.509596058265934,64.221687231076501],[30.466364485151793,64.204430860534046],[30.553402167204588,64.132247223178979],[30.528021257366849,64.048877060081892],[30.447026149304897,63.982773206263346],[30.320913584082444,63.909532118171512],[30.260412812535268,63.822009336810936],[29.971893586004946,63.757165328104016],[29.874664825878948,63.749205658191876],[29.775689020543059,63.703356373931271],[29.722688837813568,63.74803148907592],[29.682526130556393,63.878942323840135],[29.158309435000994,63.847326943170486],[29.211042315806015,63.964739931839333],[29.049368235094796,64.002198272727782],[28.890628311706177,64.09852309868829],[28.855774712171552,64.22566193370362],[28.75194584450297,64.310236108917366],[28.813443736392848,64.341504134180312],[28.832495656563086,64.446268059981861],[28.859837309385025,64.493432772264285],[29.0251056028312,64.45786939243645],[29.163289760393809,64.454597299053717],[29.416790954846451,64.51989590219344],[29.45945575511487,64.566291243885019],[29.506436820065943,64.615726469488678],[29.622286542879174,64.635363618320696],[29.989400102946558,64.5876221968674]]]]}},
{"type":"Feature","properties":{"id":111,"kunta":"291","vuosi":2026,"nimi":"Kuhmoinen","namn":"Kuhmois","name":"Kuhmoinen"},"geometry":{"type":"MultiPolygon","coordinates":[[[[25.535220960616108,61.779559386894057],[25.501333310991978,61.676858630942391],[25.499445065905398,61.618506082401268],[25.437427145201788,61.486906148111778],[24.970480582721905,61.450703815640054],[24.945434647659571,61.539032629781104],[24.828342650426599,61.553430864517637],[24.812033976707987,61.660023706187623],[24.960334465624957,61.630652656737425],[24.913461536799723,61.706475295764434],[25.014742552183129,61.775201727203246],[25.372843983166288,61.713074319231694],[25.412264814701096,61.755256544588548],[25.535220960616108,61.779559386894057]]]]}},
{"type":"Feature","properties":{"id":112,"kunta":"295","vuosi":2026,"nimi":"Kumlinge","namn":"Kumlinge","name":"Kumlinge"},"geometry":{"type":"MultiPolygon","coordinates":[[[[20.718528087267636,60.189206214234183],[20.694875064693271,60.185288114015243],[20.677024758309717,60.192537516165977],[20.648677949359204,60.224940443670377],[20.650588421445907,60.229083819051553],[20.672453774732318,60.242376919258824],[20.714278376688121,60.237709834295067],[20.731251227591233,60.220960326340574],[20.735531215340256,60.199556709169599],[20.718528087267636,60.189206214234183]]],[[[20.811511829157602,60.229063715184978],[20.792945556094097,60.226752866501272],[20.775602611830937,60.231338752965357],[20.765308172994942,60.24165659837147],[20.75116667566067,60.272047998683199],[20.759717571470514,60.283254645511953],[20.804161956884215,60.293624895618365],[20.836516030273629,60.281722527755605],[20.843097134806026,60.276627778071827],[20.854890501377444,60.258272383507105],[20.839081139265588,60.241243662682734],[20.811511829157602,60.229063715184978]]],[[[20.769046267563553,60.318893847468182],[20.742158890920663,60.316185580697969],[20.727123620182851,60.323576734451429],[20.723213697331992,60.328793206657465],[20.732311869168573,60.352271208542696],[20.76728856210973,60.368864966589115],[20.786700522169596,60.367165505718965],[20.799221709763774,60.359649772371355],[20.799506345060557,60.34480944829064],[20.789085370250209,60.328027246202815],[20.769046267563553,60.318893847468182]]],[[[20.940732497080859,60.335499916782588],[20.92604451490342,60.326636428100095],[20.890715753855655,60.326272074783191],[20.860855796224357,60.33830407284357],[20.852617236708387,60.3482740950218],[20.861945037822739,60.37490128056762],[20.891667076590544,60.376363740893247],[20.914964195391892,60.369423715904787],[20.934110921498014,60.355449283404873],[20.940732497080859,60.335499916782588]]]]}},
{"type":"Feature","properties":{"id":113,"kunta":"297","vuosi":2026,"nimi":"Kuopio","namn":"Kuopio","name":"Kuopio"},"geometry":{"type":"MultiPolygon","coordinates":[[[[28.610804126707034,63.203835319871374],[28.698017486194569,63.183109210535548],[28.762386834188298,63.136715454715144],[28.471539199046155,63.107353476749623],[28.397943971869118,63.052291297553396],[28.465034315779921,63.015475218444379],[28.385947343172138,62.963860939489159],[28.33927169805478,62.945990907578846],[28.248952012412762,62.946308838329216],[28.299759827733837,62.897678931591855],[28.166692634298798,62.876499020494165],[28.230623194866002,62.823756442896048],[28.33509964533199,62.815842085096584],[28.293752268599427,62.761267022321817],[28.371299945338198,62.702152564147582],[28.312090518927743,62.651528852036208],[28.360788522832824,62.612419833210375],[28.243964576624975,62.613598440715776],[28.205272863375189,62.64735550050694],[27.937663235933769,62.671302394246844],[27.844262366569811,62.668217584919063],[27.482517654388591,62.705791327593907],[27.275748045707825,62.702440284080666],[27.117060019491635,62.763277916089258],[27.011976345521983,62.756052583507056],[26.908946544732139,62.849945784315075],[26.940105920733998,62.915803513569344],[26.895500491490683,62.989032785101799],[27.125560306747595,63.005503559425684],[26.956616550521158,63.11769253710554],[27.021238378646686,63.142770150154902],[27.049162336856501,63.193182330090117],[27.045551115843331,63.239772588640264],[27.123779539089742,63.255155005277011],[27.136988520460591,63.321224102174895],[27.182948523608321,63.33021506622854],[27.298623666490936,63.29337653438747],[27.357626792886169,63.173127298038658],[27.492799864577467,63.18472323869549],[27.526632041073416,63.162166921828309],[27.461775539052937,63.119979506458307],[27.517179943165818,63.104150576565473],[27.470012608796566,63.063294319431776],[27.35246306311668,63.049016085225432],[27.420223831642254,62.993579802030304],[27.528977095367818,62.966245650940046],[27.690486244463177,62.976147909257946],[27.831929549343961,62.951872235427992],[27.824003607324336,62.993452044911976],[27.909773310582978,62.981580919915139],[27.943250032809331,63.006556028476147],[27.830421796855742,63.022332710471687],[27.802685149234964,63.059302755132812],[27.886107308065753,63.082189772801328],[27.804363553807768,63.149661835776371],[27.817027181431289,63.2066821690225],[27.699954654084788,63.250013735264496],[27.824291348828147,63.258786847182726],[27.938498293580288,63.30119704144083],[28.088413282868864,63.403310726038839],[28.165735933860756,63.379779834314562],[28.259382110627367,63.385307269865798],[28.269042163818394,63.328732261807502],[28.340427447706418,63.325035122577269],[28.358932785599887,63.374258956157085],[28.438887358952893,63.351309300785019],[28.448258150672775,63.272674203750377],[28.467468050402978,63.24682042078534],[28.549098899186067,63.229345089667348],[28.610804126707034,63.203835319871374]]]]}},
{"type":"Feature","properties":{"id":114,"kunta":"300","vuosi":2026,"nimi":"Kuortane","namn":"Kuortane","name":"Kuortane"},"geometry":{"type":"MultiPolygon","coordinates":[[[[23.847048841652317,62.762605898267914],[23.760375642060971,62.738505403417655],[23.667462526126627,62.751757565867486],[23.548129759008422,62.651178049101759],[23.449050599730622,62.651010761686173],[23.271255205202202,62.735735927550067],[23.278921554076231,62.77470938646119],[23.380193573534932,62.894475793467862],[23.519471162041317,62.919628296050696],[23.847048841652317,62.762605898267914]]]]}},
{"type":"Feature","properties":{"id":115,"kunta":"301","vuosi":2026,"nimi":"Kurikka","namn":"Kurikka","name":"Kurikka"},"geometry":{"type":"MultiPolygon","coordinates":[[[[22.200677294878766,62.751574208710025],[22.150151578135251,62.719577001091615],[22.665258505867186,62.599855149479112],[22.739314085616897,62.621023183356215],[22.857674719975229,62.634200624748026],[23.1191711930826,62.409635393190058],[23.144518227460789,62.319197947453851],[22.994363772533539,62.288904016079151],[22.831252263740762,62.270883649430338],[22.634251816714897,62.300871418318309],[22.64189749848433,62.411718555175803],[22.581399656446902,62.467664942713753],[22.364155535542746,62.492548337393217],[22.292023146464309,62.531849296869765],[22.041523987599465,62.541444595928837],[22.099622253584492,62.605416384872257],[21.969522009182011,62.623301840833037],[21.935965291090955,62.586808509995173],[21.79939859231623,62.594268411144483],[21.780108115326417,62.628472217454252],[21.662244557962101,62.640045042553957],[21.790967691607424,62.694224803490783],[21.729138310750088,62.767665482219996],[21.772061018101777,62.863564161770384],[21.858236294032132,62.811788025068914],[22.200677294878766,62.751574208710025]]]]}},
{"type":"Feature","properties":{"id":116,"kunta":"304","vuosi":2026,"nimi":"Kustavi","namn":"Gustavs","name":"Kustavi"},"geometry":{"type":"MultiPolygon","coordinates":[[[[21.474257755304379,60.481698375520942],[21.444225768832805,60.480357190555353],[21.405758820112258,60.496198974354357],[21.362073150312387,60.523956283418066],[21.349756619035062,60.546377817703664],[21.356928990584432,60.567016371481607],[21.381567204749309,60.582993302034673],[21.430759140409076,60.570303069986402],[21.4837567644601,60.536161774293987],[21.49836791932562,60.523271690741119],[21.497116572061284,60.507026425183454],[21.486693739603453,60.488961858607993],[21.474257755304379,60.481698375520942]]],[[[21.329756765018999,60.49703518613574],[21.305385392226821,60.494554344710181],[21.274387111804661,60.498622414963457],[21.258742364788354,60.508656046127733],[21.233706872828414,60.554905514209366],[21.227691859164668,60.572192142747419],[21.231937845040356,60.579124968991053],[21.244832445331454,60.583731887322713],[21.296444120777711,60.557697210131771],[21.329411396486314,60.528152673224497],[21.339252048985962,60.50427784106283],[21.329756765018999,60.49703518613574]]],[[[21.323935314022972,60.587394661198218],[21.293995042298405,60.586026092731728],[21.260833681767163,60.600708971385323],[21.231339124114271,60.626431417246259],[21.226509254644863,60.63702072278415],[21.235258086780338,60.6495470911266],[21.252664578067904,60.659836241171149],[21.268546511307516,60.663308661035892],[21.292408768272953,60.649602826881669],[21.337437171081277,60.604254826923608],[21.323935314022972,60.587394661198218]]]]}},
{"type":"Feature","properties":{"id":117,"kunta":"305","vuosi":2026,"nimi":"Kuusamo","namn":"Kuusamo","name":"Kuusamo"},"geometry":{"type":"MultiPolygon","coordinates":[[[[29.57292981739003,66.432853204377153],[29.702914805075149,66.269873025241367],[29.923305660184884,66.127145695794155],[29.99262453361322,66.02235949778337],[29.997117634879729,65.978834019816446],[30.024223152893402,65.966702099386325],[30.068451971573936,65.894964900648858],[30.134069270962563,65.699722727182461],[30.138465422500776,65.668676980735654],[30.017108786420767,65.696477806762331],[29.721868699999344,65.637084577668489],[29.753968593083727,65.60935041663636],[29.863902145790803,65.560443830577981],[29.754713953518486,65.497365689437189],[29.548355111494825,65.50593999721147],[29.396165458929982,65.503402078054165],[29.213217516571774,65.51847740487851],[29.063406157755136,65.567758502500695],[28.931897304319136,65.646730452241584],[28.849573844582945,65.599466706638736],[28.666803384274225,65.62128720816105],[28.644334578872854,65.740817176080483],[28.513195686415777,65.846207534185751],[28.508768205522312,65.889780562997842],[28.372170971763051,65.960218839640916],[28.390259248597214,65.996295836522521],[28.544104758720707,66.008955179623328],[28.651970996483744,65.986890301777336],[28.747263998912164,66.001807946807702],[28.764239836712786,66.043344808060624],[28.62480534360089,66.070904532251319],[28.604163409966475,66.12816250394917],[28.715761749118908,66.135907873645522],[28.749659454165339,66.254482930882929],[28.59299809674874,66.267883770732325],[28.538087470805714,66.33261019170088],[28.695312032584138,66.485853241765781],[29.258521601778785,66.408146942652024],[29.257973256768647,66.432892635748573],[29.57292981739003,66.432853204377153]]]]}},
{"type":"Feature","properties":{"id":118,"kunta":"309","vuosi":2026,"nimi":"Outokumpu","namn":"Outokumpu","name":"Outokumpu"},"geometry":{"type":"MultiPolygon","coordinates":[[[[29.303956762760894,62.717956052948338],[29.276663320257555,62.681853245663774],[29.139869072138648,62.699332444115811],[28.9788387047371,62.64113983213521],[29.043403768259221,62.60234549083463],[28.94401894313291,62.576831179343174],[28.790650906675442,62.640285216543553],[28.655149547577313,62.657021681091791],[28.702879540042193,62.694261099570127],[28.632706426386225,62.743977334934037],[28.717012210988607,62.773325196704782],[28.744411849861024,62.812376949690481],[28.79009325152132,62.833796561180712],[28.930527122962367,62.774626232103408],[28.96622919900247,62.80299678809827],[29.097602163514782,62.845589545365854],[29.244641892041155,62.796884701977596],[29.303956762760894,62.717956052948338]]]]}},
{"type":"Feature","properties":{"id":119,"kunta":"312","vuosi":2026,"nimi":"Kyyjärvi","namn":"Kyyjärvi","name":"Kyyjärvi"},"geometry":{"type":"MultiPolygon","coordinates":[[[[24.772883156818185,63.133363611598881],[24.881657942575465,63.045731361797493],[24.709078740083239,62.984055557315635],[24.604810272002048,62.997912043413685],[24.513249299583361,62.94167607942962],[24.445884788310586,62.960860116115356],[24.348219727976751,62.963698544328146],[24.300936607199301,62.988353152790275],[24.278016678971898,63.064375353822264],[24.359007626170435,63.116429509386947],[24.530751179343195,63.157480591918414],[24.772883156818185,63.133363611598881]]]]}},
{"type":"Feature","properties":{"id":120,"kunta":"316","vuosi":2026,"nimi":"Kärkölä","namn":"Kärkölä","name":"Kärkölä"},"geometry":{"type":"MultiPolygon","coordinates":[[[[25.402218047969747,60.854358863784149],[25.433299700718592,60.795448925440766],[25.382183800606064,60.753401044890325],[25.298117570558698,60.751955100429711],[25.209112372599208,60.840851128270202],[25.110974490802914,60.818583349408691],[25.108108922166959,60.865075164189186],[25.170009200980115,60.926220091765828],[25.261438334642087,60.981676723681339],[25.312769127462555,60.944454442071546],[25.32380135776928,60.89276586772862],[25.402218047969747,60.854358863784149]]]]}},
{"type":"Feature","properties":{"id":121,"kunta":"317","vuosi":2026,"nimi":"Kärsämäki","namn":"Kärsämäki","name":"Kärsämäki"},"geometry":{"type":"MultiPolygon","coordinates":[[[[26.188824130673517,63.995108109668067],[26.250852851252972,63.926376385235734],[25.661957745037807,63.799771862917979],[25.609186111375749,63.917808380952813],[25.534041821064683,63.921602499734163],[25.584456692878256,64.004865423169036],[25.650761614799585,64.084913010073947],[25.777300917620472,64.110644002652464],[26.188824130673517,63.995108109668067]]]]}},
{"type":"Feature","properties":{"id":122,"kunta":"318","vuosi":2026,"nimi":"Kökar","namn":"Kökar","name":"Kökar"},"geometry":{"type":"MultiPolygon","coordinates":[[[[20.935295058191361,59.899693214976068],[20.9086620899559,59.898370564839993],[20.859552585318962,59.914896640272715],[20.849637157404516,59.923884516198491],[20.853230544052611,59.933504424502004],[20.857554905139988,59.939197622386594],[20.884411456485658,59.954042192631874],[20.920534887120652,59.962558422198889],[20.955408884774307,59.9642561200762],[20.994173930990325,59.959371836781102],[21.01158562689011,59.953415667747507],[21.011760389463277,59.938573086273188],[20.997951075641264,59.925702634918572],[20.990434861955201,59.922658963062851],[20.964090897228822,59.918661207323396],[20.949558492245398,59.909892000616523],[20.935295058191361,59.899693214976068]]]]}},
{"type":"Feature","properties":{"id":123,"kunta":"320","vuosi":2026,"nimi":"Kemijärvi","namn":"Kemijärvi","name":"Kemijärvi"},"geometry":{"type":"MultiPolygon","coordinates":[[[[27.881602148837487,66.885909846740702],[27.942776676726986,66.776264320823628],[28.064575052881754,66.703543481964985],[28.156136302968076,66.697717026119079],[28.191920269839628,66.626769349561073],[28.075159055015799,66.501411345088528],[28.138619593378355,66.431863519336162],[27.981952494622877,66.419403003605524],[27.792954315604508,66.432183437105337],[27.595963565274751,66.40094267187709],[27.414663220564858,66.289067655748838],[27.249848796073394,66.331992937153004],[27.123526705910415,66.366834875630445],[26.697545209943115,66.574593976578768],[26.655724601167073,66.822036992720129],[26.517973570017947,66.942924249850208],[27.148175068828294,67.013814749971843],[27.584586588026326,67.007157208400599],[27.685151890928847,66.978880063883537],[27.881602148837487,66.885909846740702]]]]}},
{"type":"Feature","properties":{"id":124,"kunta":"322","vuosi":2026,"nimi":"Kemiönsaari","namn":"Kimitoön","name":"Kimitoön"},"geometry":{"type":"MultiPolygon","coordinates":[[[[22.462022014927815,59.845265254160388],[22.405681849927689,59.843127536639358],[22.391232102716387,59.850712735587905],[22.392792246698843,59.857510163912032],[22.402153021820588,59.867367623332434],[22.437295183843197,59.884863986456068],[22.471079262252196,59.894212528289501],[22.52180898364432,59.8974776431645],[22.541412487784783,59.891401526506804],[22.542851525507128,59.882011486637296],[22.538411738326442,59.875118900584745],[22.49559574819374,59.854601011194688],[22.462022014927815,59.845265254160388]]],[[[22.66491909739684,59.930282989752875],[22.644061594274017,59.925459696148991],[22.587034682781272,59.92742544118429],[22.550662711786163,59.936898238834679],[22.529768891196266,59.951022938253985],[22.52510141006189,59.964348535540452],[22.539886556430623,59.974378661065039],[22.574688490958998,59.976990427925621],[22.61592051362177,59.971716988762978],[22.65016482696134,59.958110602783819],[22.665134102284618,59.947817797223387],[22.669567572589116,59.935829111786369],[22.66491909739684,59.930282989752875]]],[[[22.405628396550338,59.919751389135619],[22.365556367528796,59.916907680545762],[22.345906672831976,59.922957013143822],[22.332782449917133,59.938585415139023],[22.343134605925076,59.959270728652811],[22.358049658242308,59.967978638200172],[22.373360271916468,59.973911552326797],[22.397622709356764,59.97485135540829],[22.420508987826228,59.966299260927812],[22.430021593532601,59.955841646568359],[22.433542488584322,59.93160090968022],[22.421462383355422,59.923090187635275],[22.405628396550338,59.919751389135619]]],[[[22.876629212600715,60.237144034228251],[22.830263212552769,60.198125476322708],[22.814303476621415,60.176051716818193],[22.840137597388999,60.145859787309227],[22.858273898787203,60.12207336730954],[22.837867220944588,60.102558712243635],[22.827320316316559,60.096294285652071],[22.78268054939868,60.06962104398233],[22.763965930470032,60.048709236154735],[22.764873212625211,60.041637893374698],[22.767972941005574,60.020256221924122],[22.734817822580826,60.004447716286599],[22.708363491632166,59.999454691645774],[22.659772571122417,59.999122318505947],[22.587784685313142,60.011384569857512],[22.549736618098308,60.011274454618977],[22.492418904535629,59.997101452427628],[22.447262142003037,59.99267259676698],[22.411896936790786,59.994053227061421],[22.389537969636397,59.998667049170983],[22.352703487202991,60.028300555194335],[22.35278571265167,60.063456123870218],[22.359517238746385,60.073132921306232],[22.381980773437434,60.086147484450912],[22.443650860805203,60.108696947741379],[22.453465749055837,60.115867346045071],[22.457306077312182,60.125888169714472],[22.451708683409375,60.146821613220219],[22.423505040575613,60.153849328883489],[22.416818193858205,60.161708696618376],[22.441312226488765,60.180175387854817],[22.446410120422321,60.200667868797311],[22.463413689130878,60.214826188478597],[22.471505511406384,60.215103220936236],[22.506429681583995,60.200202153745039],[22.549738853972283,60.201755291134731],[22.731162673953673,60.22714393093073],[22.826667187508676,60.244836793170741],[22.875242722845716,60.248155083075289],[22.876629212600715,60.237144034228251]]]]}},
{"type":"Feature","properties":{"id":125,"kunta":"398","vuosi":2026,"nimi":"Lahti","namn":"Lahtis","name":"Lahti"},"geometry":{"type":"MultiPolygon","coordinates":[[[[26.05103316147903,61.100981835591597],[26.132904738366943,61.027747378989162],[26.116720512456585,60.984555021260846],[26.042201439216186,60.972924883377011],[26.060197540697839,60.936082797553709],[26.138269855458347,60.93284480069552],[26.139943773306577,60.907233947908765],[26.050959314150703,60.893357296069013],[25.968264693541116,60.928497609333846],[25.918648296007952,60.886649021814456],[25.777668131410781,60.891049556499887],[25.728303485199252,60.934559990943505],[25.657510017506269,60.906439834856286],[25.55634213373688,60.933699499487979],[25.540308010825292,60.998264389069355],[25.599650173830319,61.034009143954634],[25.751297040611316,61.03167997015241],[25.822194676247026,61.051369460446303],[25.749024150830859,61.070255857852892],[25.783526213266477,61.096290551942225],[25.858056325994525,61.102666383742047],[25.936835793016929,61.070919528052443],[26.05103316147903,61.100981835591597]]]]}},
{"type":"Feature","properties":{"id":126,"kunta":"399","vuosi":2026,"nimi":"Laihia","namn":"Laihela","name":"Laihia"},"geometry":{"type":"MultiPolygon","coordinates":[[[[22.143973112681252,62.963107316688308],[22.248995668522596,62.880013802891213],[22.273865790537819,62.791141912345964],[22.200677294878766,62.751574208710025],[21.858236294032132,62.811788025068914],[21.772061018101777,62.863564161770384],[21.785131655655142,62.893989297950782],[21.912105750342757,63.048764611687247],[22.143973112681252,62.963107316688308]]]]}},
{"type":"Feature","properties":{"id":127,"kunta":"400","vuosi":2026,"nimi":"Laitila","namn":"Letala","name":"Laitila"},"geometry":{"type":"MultiPolygon","coordinates":[[[[21.84410988094421,61.009402288493369],[21.951365187300862,60.976936093474755],[21.985214325906529,60.901001792145237],[22.128467334913754,60.904205375942851],[21.798820580613324,60.738462673420905],[21.732009137050991,60.759291340396288],[21.703427997755636,60.81704663234224],[21.561426620683484,60.84055879917431],[21.505549692763115,60.883510302327629],[21.512703250263161,60.964344557038849],[21.59176480747993,60.95055907804992],[21.665592349173554,60.996332237311449],[21.775752185646688,61.034112183866092],[21.84410988094421,61.009402288493369]]]]}},
{"type":"Feature","properties":{"id":128,"kunta":"402","vuosi":2026,"nimi":"Lapinlahti","namn":"Lapinlahti","name":"Lapinlahti"},"geometry":{"type":"MultiPolygon","coordinates":[[[[28.088413282868864,63.403310726038839],[27.938498293580288,63.30119704144083],[27.824291348828147,63.258786847182726],[27.699954654084788,63.250013735264496],[27.614807018849902,63.224548760556367],[27.569080212833939,63.190403215301828],[27.526632041073416,63.162166921828309],[27.492799864577467,63.18472323869549],[27.357626792886169,63.173127298038658],[27.298623666490936,63.29337653438747],[27.182948523608321,63.33021506622854],[27.119091807426461,63.369204820171618],[27.218568399616075,63.451481960096942],[27.310455424637009,63.433995826029658],[27.373191201832224,63.491464561729039],[27.489173120660734,63.503498367789568],[27.569421375676868,63.48270325081387],[27.625181488851446,63.502469777993255],[27.880454219664095,63.535059830237358],[27.942810737767026,63.518916737049203],[28.041811389484455,63.550117257105384],[28.126743634831943,63.488280475853571],[28.088413282868864,63.403310726038839]]]]}},
{"type":"Feature","properties":{"id":129,"kunta":"403","vuosi":2026,"nimi":"Lappajärvi","namn":"Lappajärvi","name":"Lappajärvi"},"geometry":{"type":"MultiPolygon","coordinates":[[[[23.862021241152817,63.277584446684884],[23.860307651513953,63.217727889222857],[23.697946112223267,63.175325491633835],[23.715638349409144,63.111901184651444],[23.500768587537856,62.979037194052012],[23.454826917164944,63.06330732988382],[23.404237442707505,63.166027489099555],[23.314613679703946,63.200814690118094],[23.377543929125746,63.228108853932063],[23.443462351332023,63.281774977503026],[23.547153979204015,63.315541581879891],[23.596681943166313,63.300555714141623],[23.702697895814936,63.315884847463849],[23.696988939988632,63.380320683328058],[23.862021241152817,63.277584446684884]]]]}},
{"type":"Feature","properties":{"id":130,"kunta":"405","vuosi":2026,"nimi":"Lappeenranta","namn":"Villmanstrand","name":"Lappeenranta"},"geometry":{"type":"MultiPolygon","coordinates":[[[[28.701680111031038,61.231561630413239],[28.745288378565768,61.143724421016991],[28.734767285367784,61.10065084529213],[28.776648539003006,61.079254964134563],[28.713846608288176,61.04446341619748],[28.684033292815567,60.978940159092993],[28.655001042226395,60.949499785878778],[28.524605780588004,60.957105102962188],[28.465430267977549,60.92333587217643],[28.335845957987509,60.854248882382315],[28.257833303176696,60.809839586691815],[28.220500052901141,60.782793262927484],[28.174281751991977,60.778618003729761],[28.135466768801098,60.740867747841193],[27.991282508924915,60.668984892265108],[27.901929159983865,60.696385100522612],[27.872870332972493,60.723125046458122],[27.851152064843141,60.76516588673244],[27.792923337268434,60.76920299736237],[27.727538557807843,60.762794242113294],[27.713883752956615,60.795331602317717],[27.747938430408713,60.818901635569567],[27.85274557344863,60.832558963948358],[27.924332367467883,60.868288365641696],[27.901066909916974,60.891079398905852],[27.901191939430152,61.000859753555126],[27.857559200242129,60.99375236968644],[27.867100794947319,61.026613611966148],[27.942324335140459,61.027678512966489],[27.99111136080931,61.061528194398903],[28.052501430186343,61.083289612379858],[28.069049343824624,61.112551832420777],[28.195237298637256,61.101379032990209],[28.331154042214365,61.129411911339766],[28.409193090223795,61.176206776187776],[28.315694636205812,61.20848927123847],[28.302200757052098,61.240580432573083],[28.397944570504997,61.284686929512304],[28.598181346960985,61.199780888245918],[28.701680111031038,61.231561630413239]]]]}},
{"type":"Feature","properties":{"id":131,"kunta":"407","vuosi":2026,"nimi":"Lapinjärvi","namn":"Lappträsk","name":"Lapinjärvi"},"geometry":{"type":"MultiPolygon","coordinates":[[[[26.300130520413052,60.749205582758577],[26.347002577450571,60.661549428962019],[26.347094393368845,60.661377234848921],[26.347104681240658,60.6613579629174],[26.347104717525283,60.661357074206386],[26.350129450254929,60.592581366099665],[26.38020855124703,60.50910442964576],[26.380212282941716,60.509094004582103],[26.380216918402052,60.509081069639521],[26.286240032140981,60.500196667675858],[26.286171675058569,60.500235540046624],[26.28617110348014,60.500235869210258],[26.286170310709203,60.500236322896001],[26.286157590558513,60.500243554738539],[26.221429979006192,60.536997793898401],[26.193326813020384,60.579625396086385],[26.192609589796604,60.580711755311988],[26.192544522333751,60.580697373150862],[26.19254401409848,60.580697262333985],[26.192540202558078,60.580696422229771],[26.192536463782911,60.580695591543893],[26.152076164224528,60.57174480198676],[26.0980622004253,60.584549004218871],[26.098062118900771,60.584549964426387],[26.098061163880018,60.584560652022539],[26.09806106135359,60.584561710857791],[26.098060980830024,60.584562635155891],[26.098060211611443,60.584571240867753],[26.097819967747057,60.587176639421308],[26.095052333136348,60.617160576308606],[26.094963770785483,60.618118934677121],[26.094963008916796,60.618127217141854],[26.095053648982002,60.618102581297613],[26.084713903062298,60.631850387163887],[26.074578586139531,60.645314168873433],[26.074574345978789,60.645314085687531],[26.074493729366694,60.645312459863987],[26.000593601754687,60.64380303158196],[25.904959057274102,60.637045962915067],[25.904959179736448,60.637046125543456],[25.904978375569968,60.637071487341103],[25.904978812414225,60.637072083545405],[25.934472992821139,60.675999701804798],[25.933518664118793,60.705943160709502],[26.027775097471277,60.716630246573985],[26.109239115662593,60.686376580269389],[26.214258429154196,60.71625173362159],[26.214255128727658,60.71627506795226],[26.208363469876613,60.75799437228644],[26.208366320886391,60.757994101787197],[26.300125097211904,60.749206102163974],[26.300130520413052,60.749205582758577]]]]}},
{"type":"Feature","properties":{"id":132,"kunta":"408","vuosi":2026,"nimi":"Lapua","namn":"Lappo","name":"Lapua"},"geometry":{"type":"MultiPolygon","coordinates":[[[[23.454826917164944,63.06330732988382],[23.500768587537856,62.979037194052012],[23.490324658092185,62.949961196696748],[23.519471162041317,62.919628296050696],[23.380193573534932,62.894475793467862],[23.278921554076231,62.77470938646119],[23.189615472685677,62.816491165102583],[23.091501826896287,62.816778470693613],[23.044995479067126,62.861133318254126],[22.817791484020532,62.870996668337504],[22.78411600284926,63.037923807959984],[22.896909658592961,63.073513635349748],[23.052074835472798,63.029696478240766],[23.3533943792809,63.027302557706705],[23.454826917164944,63.06330732988382]]]]}},
{"type":"Feature","properties":{"id":133,"kunta":"410","vuosi":2026,"nimi":"Laukaa","namn":"Laukas","name":"Laukaa"},"geometry":{"type":"MultiPolygon","coordinates":[[[[26.218668363127748,62.491068025867428],[26.251047294392599,62.42241529956565],[26.31101973883256,62.403443167541674],[26.230031945815433,62.335937582159929],[26.324154080768533,62.266256514370752],[26.315948111866071,62.200470678543923],[26.134205119941527,62.235863876680078],[26.048622298359152,62.181278518204543],[26.050994534085557,62.26759035012487],[25.962048113085523,62.298647987872037],[25.878782358729062,62.27267775365226],[25.81670467009253,62.305595489687619],[25.842308443104688,62.368474557191739],[25.71884638540773,62.39244480555007],[25.579133273669946,62.428745571884733],[25.695150685747738,62.491503958417098],[25.838689032724343,62.521764224260501],[25.935676340548618,62.524778452982034],[26.0359597397252,62.58358582167002],[26.140142261401706,62.489475769863546],[26.218668363127748,62.491068025867428]]]]}},
{"type":"Feature","properties":{"id":134,"kunta":"416","vuosi":2026,"nimi":"Lemi","namn":"Lemi","name":"Lemi"},"geometry":{"type":"MultiPolygon","coordinates":[[[[27.99111136080931,61.061528194398903],[27.942324335140459,61.027678512966489],[27.867100794947319,61.026613611966148],[27.857559200242129,60.99375236968644],[27.572788656161894,61.017691672390839],[27.61718368110618,61.064118624377585],[27.708709129632272,61.102881309507623],[27.694708206801931,61.150815516346135],[27.784236449562361,61.163676301173574],[27.861427865173741,61.154851909346633],[27.93447534892762,61.130703384792838],[27.99111136080931,61.061528194398903]]]]}},
{"type":"Feature","properties":{"id":135,"kunta":"417","vuosi":2026,"nimi":"Lemland","namn":"Lemland","name":"Lemland"},"geometry":{"type":"MultiPolygon","coordinates":[[[[20.007873687493497,60.050246181923477],[19.999570229539593,60.09724346880202],[20.017440344625594,60.103396740120246],[20.013074644864105,60.097653330736492],[20.01357569551006,60.088177233579259],[20.046972413263568,60.084629615345847],[20.075819426020573,60.088942477472457],[20.111021358559864,60.101688909255685],[20.13555444603011,60.101708481430165],[20.172464511016305,60.094258449701371],[20.191202922657581,60.085780087611596],[20.222410384183661,60.059538820066109],[20.210541226170708,60.04353280498988],[20.210527922638356,60.031372039308501],[20.236516622974388,60.023269004606163],[20.232966345100596,59.996067302874046],[20.209117026871656,59.974462137733937],[20.19313240069085,59.973544983308166],[20.184579291078233,59.975803918549694],[20.174920659624256,59.995570083158142],[20.168851552616012,59.997957179821981],[20.131786270378324,59.994584461933371],[20.114460774236374,60.01124429493462],[20.083117764942827,60.031129840213737],[20.033134356775541,60.04867219198718],[20.007873687493497,60.050246181923477]]]]}},
{"type":"Feature","properties":{"id":136,"kunta":"418","vuosi":2026,"nimi":"Lempäälä","namn":"Lempäälä","name":"Lempäälä"},"geometry":{"type":"MultiPolygon","coordinates":[[[[23.890192527295564,61.427368437586559],[23.957771294713659,61.331348604890934],[23.811447606730031,61.230711742164615],[23.73713256681333,61.258979182424596],[23.672733535724912,61.312917516963402],[23.548336625494265,61.358298704453702],[23.591514238221972,61.403861258543216],[23.741124412235571,61.432161561894645],[23.779289479700466,61.431830407759364],[23.777225198527702,61.423386637058933],[23.822921399526177,61.429860799794803],[23.890192527295564,61.427368437586559]]]]}},
{"type":"Feature","properties":{"id":137,"kunta":"420","vuosi":2026,"nimi":"Leppävirta","namn":"Leppävirta","name":"Leppävirta"},"geometry":{"type":"MultiPolygon","coordinates":[[[[28.360788522832824,62.612419833210375],[28.466973020153116,62.583162657700782],[28.520773870074443,62.548456774117433],[28.400874632452432,62.55957327096408],[28.381865580633125,62.461635745449101],[28.286416805013307,62.4731465568006],[28.244771661300067,62.424045874472775],[28.315004237356565,62.354552625545502],[28.224374613677362,62.349325559725266],[28.031696648662926,62.295484422825155],[27.912520740891704,62.380506361984644],[27.82630960285811,62.353135522281967],[27.757958702634962,62.367394354205516],[27.691911101735322,62.374759485140274],[27.408508822240975,62.503886123995557],[27.460179630182331,62.553329055127023],[27.449879648772214,62.614145591015962],[27.529794630958921,62.626754043201458],[27.482517654388591,62.705791327593907],[27.844262366569811,62.668217584919063],[27.937663235933769,62.671302394246844],[28.205272863375189,62.64735550050694],[28.243964576624975,62.613598440715776],[28.360788522832824,62.612419833210375]]]]}},
{"type":"Feature","properties":{"id":138,"kunta":"421","vuosi":2026,"nimi":"Lestijärvi","namn":"Lestijärvi","name":"Lestijärvi"},"geometry":{"type":"MultiPolygon","coordinates":[[[[25.036315554643913,63.458073170720326],[24.902469520964956,63.43123386553372],[24.772920967193389,63.358684116119584],[24.57275793823106,63.392232652010044],[24.486180667270499,63.375204489733278],[24.554593897616741,63.522952851337848],[24.466864062765271,63.525392452732468],[24.408546737361632,63.566004731874912],[24.618713972937936,63.650888014444362],[24.820169511539714,63.586605032666014],[25.036315554643913,63.458073170720326]]]]}},
{"type":"Feature","properties":{"id":139,"kunta":"422","vuosi":2026,"nimi":"Lieksa","namn":"Lieksa","name":"Lieksa"},"geometry":{"type":"MultiPolygon","coordinates":[[[[31.23824719520702,63.195132892484636],[30.964696427246839,63.167311824472243],[30.908249749902559,63.132359956724152],[30.633263648645677,63.091986823738253],[30.361387402999245,62.998402439115281],[30.239425473706451,63.042439663874148],[30.140256140015691,63.032376763451154],[29.983645252480493,63.045760499983871],[29.959970031972173,63.019549923206434],[29.864786990817191,63.065751852165455],[29.787163889480112,63.051498398053688],[29.641113668296285,63.155150416300685],[29.650545385546156,63.198883414122605],[29.62926689360442,63.24398207031431],[29.567900989507464,63.253691721122351],[29.547309420032299,63.297039109717844],[29.574947966890289,63.325388966004759],[29.467286890338372,63.347850190031096],[29.522478805490014,63.369083853628155],[29.566495919490738,63.464434468756366],[29.495061205894444,63.547681617686663],[29.5426014577667,63.614883482969262],[29.607895593574192,63.660087757909878],[29.681838684901042,63.672945699558014],[29.775689020543059,63.703356373931271],[29.874664825878948,63.749205658191876],[29.971893586004946,63.757165328104016],[30.244148999511754,63.607272257896511],[30.258214402975202,63.583947008722134],[30.384536586762763,63.545509088621763],[30.484007949377926,63.466703375737154],[30.787691522702474,63.405275471117889],[30.850149324430049,63.368450864677634],[30.934421584660043,63.355497319747585],[30.979166148622241,63.307772774078714],[31.020675648615182,63.303231254559989],[31.084977592129583,63.281663953500924],[31.137502839080316,63.265194355743894],[31.164619852470409,63.244090779408509],[31.239834763001063,63.218874240693026],[31.23824719520702,63.195132892484636]]]]}},
{"type":"Feature","properties":{"id":140,"kunta":"423","vuosi":2026,"nimi":"Lieto","namn":"Lundo","name":"Lieto"},"geometry":{"type":"MultiPolygon","coordinates":[[[[22.68211715311006,60.63955973333853],[22.854683959216334,60.629263458376677],[22.799214035463528,60.593666466239462],[22.828917879418242,60.52435674162323],[22.699272607096173,60.545696974784924],[22.578785065900107,60.495074113699708],[22.433370138356821,60.452671068888314],[22.365284915236941,60.478312976222796],[22.445711579570357,60.640907194774449],[22.510603287510211,60.635347618562463],[22.487245428641913,60.570968094859658],[22.536166926878092,60.566587177419166],[22.549726926518797,60.589681683748424],[22.624113914431828,60.604178244259096],[22.68211715311006,60.63955973333853]]]]}},
{"type":"Feature","properties":{"id":141,"kunta":"425","vuosi":2026,"nimi":"Liminka","namn":"Limingo","name":"Liminka"},"geometry":{"type":"MultiPolygon","coordinates":[[[[25.555334113717784,64.848873006765544],[25.527831748615899,64.806765025453146],[25.607980406208306,64.726477421754382],[25.501053443337074,64.70685159221],[25.604465839228482,64.64813006800307],[25.725799972830345,64.582598123339068],[25.771300492125576,64.604633148426458],[25.707298901443945,64.639426698239276],[25.75590304971934,64.662310759159823],[25.974498897244462,64.566220107873761],[26.07505324448729,64.581631089907404],[25.929262589230909,64.646555196535033],[25.99807511560293,64.677020752073688],[26.168171254720487,64.592167099432586],[26.291105954353402,64.479063859165151],[26.216671606416451,64.462682284450565],[25.910699556648119,64.543539801320421],[25.739934658856065,64.517682999783958],[25.520269460152662,64.628942520782445],[25.168235704014407,64.734183183605765],[25.270527670896065,64.802228044825952],[25.303708404960627,64.849131441467392],[25.305606715617493,64.847629287371646],[25.314033690302811,64.840996188528351],[25.352153072429491,64.841513340533041],[25.370861271169897,64.845846516284624],[25.392254279847144,64.858280795562663],[25.385055892706237,64.87982442500946],[25.38014022246232,64.886886861895718],[25.445094757575397,64.892389024670976],[25.555334113717784,64.848873006765544]]]]}},
{"type":"Feature","properties":{"id":142,"kunta":"426","vuosi":2026,"nimi":"Liperi","namn":"Libelits","name":"Liperi"},"geometry":{"type":"MultiPolygon","coordinates":[[[[29.637207991902851,62.654529399369302],[29.640312125211072,62.594974229296326],[29.751053381359814,62.521363682657793],[29.763220867654951,62.407439052596999],[29.645518482793321,62.35974842091575],[29.5385214269239,62.407143282786663],[29.295965334626299,62.386727770257174],[29.230808593594492,62.417756994530663],[29.166448858704339,62.386337560767267],[29.081475239825874,62.424153543276809],[29.08477954687757,62.479888698373969],[29.033869168473824,62.528846191877989],[28.94401894313291,62.576831179343174],[29.043403768259221,62.60234549083463],[28.9788387047371,62.64113983213521],[29.139869072138648,62.699332444115811],[29.276663320257555,62.681853245663774],[29.303956762760894,62.717956052948338],[29.398842054239545,62.680853565956113],[29.474182747509982,62.722347046919403],[29.584799067008561,62.72146550680818],[29.637207991902851,62.654529399369302]]]]}},
{"type":"Feature","properties":{"id":143,"kunta":"430","vuosi":2026,"nimi":"Loimaa","namn":"Loimaa","name":"Loimaa"},"geometry":{"type":"MultiPolygon","coordinates":[[[[22.968504590945894,61.043254359668047],[23.148076391037968,61.03141127316335],[23.195365933675728,61.001219806467482],[23.293928965001832,60.954697350484437],[23.266664800052233,60.889109497571361],[23.135638115742346,60.883518443551665],[23.142581854388865,60.837502951920463],[23.230069679753999,60.825406772346433],[23.154615351442764,60.774168237286865],[23.031714244979959,60.698807326072178],[22.965244304630694,60.71085625493572],[22.938445126355859,60.715673779598447],[22.757723688882479,60.815328372562909],[22.786352996258014,60.840972805019184],[22.758494940667241,60.937056691482269],[22.677419629541696,60.916952215634495],[22.602378425838157,60.92688994938397],[22.586239535982578,60.938790284838646],[22.522465859487937,60.976401149328346],[22.701544483036976,60.986935521929865],[22.8159330498206,60.993408696419962],[22.823910546011909,61.101435323506074],[22.968504590945894,61.043254359668047]]]]}},
{"type":"Feature","properties":{"id":144,"kunta":"433","vuosi":2026,"nimi":"Loppi","namn":"Loppi","name":"Loppi"},"geometry":{"type":"MultiPolygon","coordinates":[[[[24.42295801067252,60.771209217472034],[24.490835550687212,60.744569287171089],[24.623343419615665,60.7558762500325],[24.690949829290819,60.751488810111802],[24.670629160206953,60.722876384760262],[24.605615954980319,60.692753587274169],[24.615911178657157,60.66756880303565],[24.566910642120277,60.632332387349429],[24.577250305286707,60.585801197850003],[24.548952137856602,60.559839790809669],[24.423680353445114,60.552491480718757],[24.403254969760873,60.595621350365882],[24.347723543543651,60.612153722500928],[24.285386668659946,60.565410609237468],[24.237263725686503,60.618066046318511],[24.046748246505167,60.642324511485313],[24.063243377269746,60.793455344690585],[24.170973542892671,60.806564989351671],[24.253324575523248,60.78598648551165],[24.334905447071403,60.794615701265656],[24.42295801067252,60.771209217472034]]]]}},
{"type":"Feature","properties":{"id":145,"kunta":"434","vuosi":2026,"nimi":"Loviisa","namn":"Lovisa","name":"Loviisa"},"geometry":{"type":"MultiPolygon","coordinates":[[[[26.157686456607983,60.268078364449785],[26.119787761791216,60.266396375937418],[26.083864910533425,60.27818099817388],[26.078216357535364,60.286220179261484],[26.086162311657478,60.293006966152547],[26.11309605991103,60.300011130548874],[26.148501532605742,60.301678894181919],[26.164948995916895,60.295051494944374],[26.171065338344984,60.274894390821039],[26.157686456607983,60.268078364449785]]],[[[26.270865608087298,60.305458513460216],[26.227281414076284,60.305032664669241],[26.191466662043929,60.319629412595965],[26.204997397262893,60.343675994038797],[26.214380944944548,60.345078107372629],[26.245217159878269,60.343012821224754],[26.270174096005622,60.3283424681334],[26.281569781945283,60.312248517552881],[26.270865608087298,60.305458513460216]]],[[[26.528259975723469,60.34161626568396],[26.487340050382546,60.341285251444859],[26.440803031597994,60.351778367212795],[26.42134093553398,60.366504499310757],[26.418273554860061,60.375915269367908],[26.431727500231869,60.38405123831236],[26.456383949398372,60.384244006643122],[26.494868516872938,60.369676155327213],[26.529544397211051,60.36558492720107],[26.537848778412314,60.355023180716294],[26.528259975723469,60.34161626568396]]],[[[26.511203000903119,60.527314053858525],[26.447839519903198,60.492418977620055],[26.48567213688472,60.447615603915708],[26.487973151657577,60.437433151285177],[26.457875434882869,60.42902448139165],[26.399221227498082,60.398099013816378],[26.369113234162185,60.397869963366212],[26.35239344106926,60.408560142014998],[26.318781890701789,60.436575166666842],[26.312414649803284,60.437080978777331],[26.285856037492756,60.439005604985738],[26.269662403256852,60.432186246320043],[26.264339057763518,60.426681934186668],[26.257331297982702,60.391638677918628],[26.247856767145581,60.385661634137008],[26.22267991068259,60.361641965008786],[26.203623708007477,60.36287558202352],[26.186903707226797,60.372109068339995],[26.158557942591859,60.402898701786114],[26.125401646518494,60.414712363580158],[26.047324626419528,60.453041469216835],[26.010923340918129,60.472881888619305],[25.988983631359417,60.476756411400764],[25.975902675642203,60.45906412088037],[26.009872453711061,60.429790613891001],[26.038064038548768,60.409801780689932],[26.061246348168087,60.373615512360061],[26.117066923446075,60.340518241932671],[26.120326252489811,60.327076243447038],[26.1096533048811,60.320183605791712],[26.068840350286258,60.317121431500986],[26.024658927569696,60.330178583101919],[26.005862359338984,60.32321766800839],[26.020521611806124,60.299091586190649],[26.018474622965769,60.282919816607766],[26.007837497950035,60.276019050770188],[25.976939514920044,60.275784593872814],[25.967004508094991,60.275617919021379],[25.958255039043035,60.300682399497973],[25.945973988103141,60.322576733204983],[25.927298563277265,60.32817284276431],[25.946791013935439,60.408079277241697],[25.801002353387826,60.486903940900298],[25.823227082359047,60.550997512042919],[25.938049380280447,60.57257638879765],[26.00003434661663,60.643167642520233],[26.000035529765888,60.643168998223132],[26.000199947954336,60.643355797349741],[26.000593601754687,60.64380303158196],[26.074493729366694,60.645312459863987],[26.074574345978789,60.645314085687531],[26.074578586139531,60.645314168873433],[26.084713903062298,60.631850387163887],[26.095053648982002,60.618102581297613],[26.094963008916796,60.618127217141854],[26.094963770785483,60.618118934677121],[26.095052333136348,60.617160576308606],[26.097819967747057,60.587176639421308],[26.098060211611443,60.584571240867753],[26.098060980830024,60.584562635155891],[26.09806106135359,60.584561710857791],[26.098061163880018,60.584560652022539],[26.098062118900771,60.584549964426387],[26.0980622004253,60.584549004218871],[26.152076164224528,60.57174480198676],[26.192536463782911,60.580695591543893],[26.192540202558078,60.580696422229771],[26.19254401409848,60.580697262333985],[26.192544522333751,60.580697373150862],[26.192609589796604,60.580711755311988],[26.193326813020384,60.579625396086385],[26.221429979006192,60.536997793898401],[26.286157590558513,60.500243554738539],[26.286170310709203,60.500236322896001],[26.28617110348014,60.500235869210258],[26.286171675058569,60.500235540046624],[26.286240032140981,60.500196667675858],[26.380216918402052,60.509081069639521],[26.380212282941716,60.509094004582103],[26.38020855124703,60.50910442964576],[26.350129450254929,60.592581366099665],[26.347104717525283,60.661357074206386],[26.347104681240658,60.6613579629174],[26.347129076051722,60.661353089708356],[26.347227279199849,60.661333501103826],[26.34722784866009,60.661333387156937],[26.458384887283007,60.639095791703788],[26.458453237888687,60.639082079585535],[26.541783796221424,60.575006455494481],[26.544292154189986,60.554906540423197],[26.500613764332993,60.545441278345265],[26.511203000903119,60.527314053858525]]]]}},
{"type":"Feature","properties":{"id":146,"kunta":"435","vuosi":2026,"nimi":"Luhanka","namn":"Luhanka","name":"Luhanka"},"geometry":{"type":"MultiPolygon","coordinates":[[[[25.850075249860328,61.890644660095802],[25.921275408829558,61.858460138961043],[25.844956218786027,61.801407879852022],[25.771178593284496,61.685066748793332],[25.690126704815032,61.714125725264459],[25.608424217879811,61.680692293235637],[25.501333310991978,61.676858630942391],[25.535220960616108,61.779559386894057],[25.596409733505432,61.839518897628416],[25.75164191007627,61.849535310135494],[25.793981817962287,61.892322574440207],[25.850075249860328,61.890644660095802]]]]}},
{"type":"Feature","properties":{"id":147,"kunta":"436","vuosi":2026,"nimi":"Lumijoki","namn":"Lumijoki","name":"Lumijoki"},"geometry":{"type":"MultiPolygon","coordinates":[[[[25.303708404960627,64.849131441467392],[25.270527670896065,64.802228044825952],[25.168235704014407,64.734183183605765],[24.953439675865432,64.811989416813432],[24.99552161678761,64.882449460363162],[24.994176625064707,64.907746871737103],[24.997204981746243,64.909116829570905],[25.003338824188901,64.911891022815936],[25.107677016139004,64.918905710160985],[25.18838671090154,64.90393849425935],[25.259984092853159,64.884784749001227],[25.286540174418914,64.868943399626843],[25.290511965077091,64.859568590078936],[25.303708404960627,64.849131441467392]]]]}},
{"type":"Feature","properties":{"id":148,"kunta":"438","vuosi":2026,"nimi":"Lumparland","namn":"Lumparland","name":"Lumparland"},"geometry":{"type":"MultiPolygon","coordinates":[[[[20.282461024810242,60.063736104619643],[20.255553758972638,60.062270311477597],[20.237679426775429,60.069459837357954],[20.219715547040437,60.090153698414298],[20.213546830930277,60.106049446077812],[20.216693213644916,60.117020409731644],[20.227407692343789,60.129821467657976],[20.260790281518084,60.151888194679422],[20.285362786948347,60.15188053100259],[20.299053811765724,60.125556776689493],[20.286781852279784,60.093768904375459],[20.297402650815528,60.069991695779841],[20.282461024810242,60.063736104619643]]]]}},
{"type":"Feature","properties":{"id":266,"kunta":"833","vuosi":2026,"nimi":"Taivassalo","namn":"Tövsala","name":"Taivassalo"},"geometry":{"type":"MultiPolygon","coordinates":[[[[21.588737425842712,60.621311769220455],[21.674952104893084,60.620680077532391],[21.722679500072005,60.593961616524545],[21.686577026834176,60.577605061366604],[21.684286510826723,60.543782636421774],[21.672132025776726,60.518920409017355],[21.673235610193569,60.512218280958159],[21.652609041902636,60.504554871666947],[21.600373181462416,60.504964427944408],[21.573774922380192,60.530869964987161],[21.557795003100324,60.558554950643284],[21.524505927045588,60.575992913878153],[21.489633199435463,60.58535125650247],[21.462881456549052,60.596298123397354],[21.441173782145395,60.616087474512177],[21.435291381966334,60.623322609256448],[21.588737425842712,60.621311769220455]]]]}},
{"type":"Feature","properties":{"id":149,"kunta":"440","vuosi":2026,"nimi":"Luoto","namn":"Larsmo","name":"Larsmo"},"geometry":{"type":"MultiPolygon","coordinates":[[[[22.600959293047016,63.755604226761818],[22.582793572089582,63.754958181334516],[22.5665996745021,63.759852705816115],[22.547859831726583,63.78084392032239],[22.55533212992642,63.809474169680222],[22.562333876315559,63.821822464474103],[22.582526314256768,63.829272413874925],[22.618424514766261,63.81697694615297],[22.630860207451125,63.797134302300492],[22.625929438550639,63.771282865218332],[22.600959293047016,63.755604226761818]]],[[[22.829676855632925,63.735911217042677],[22.7862378657505,63.695066542328149],[22.658140231055253,63.72103719986216],[22.684428402947514,63.731351009199642],[22.693511782039067,63.731623139132601],[22.699159057452722,63.734487886279993],[22.703773651077409,63.744151026107907],[22.70790499322208,63.773029774967966],[22.675338196350058,63.805305146022256],[22.670240012291547,63.818631645762679],[22.692473180182755,63.831518531578197],[22.733779652533947,63.842270758607206],[22.760321546240249,63.867403982193501],[22.790067987874711,63.885076837271434],[22.794008905127484,63.887348091500279],[22.808019039455655,63.890012377697083],[22.886801595031372,63.812553478117067],[22.921536126268176,63.775112483320285],[22.829676855632925,63.735911217042677]]]]}},
{"type":"Feature","properties":{"id":150,"kunta":"441","vuosi":2026,"nimi":"Luumäki","namn":"Luumäki","name":"Luumäki"},"geometry":{"type":"MultiPolygon","coordinates":[[[[27.572788656161894,61.017691672390839],[27.857559200242129,60.99375236968644],[27.901191939430152,61.000859753555126],[27.901066909916974,60.891079398905852],[27.924332367467883,60.868288365641696],[27.85274557344863,60.832558963948358],[27.747938430408713,60.818901635569567],[27.713883752956615,60.795331602317717],[27.606043266331127,60.80583736935877],[27.504716492705558,60.799232166309807],[27.428359698912598,60.842640037442749],[27.324513639292714,60.889348701505796],[27.213224321664324,60.904049862327703],[27.136110474356315,60.951247242036921],[27.241662127778937,60.973185459517012],[27.141153440474334,61.010547866076585],[27.150648631354191,61.062293465463362],[27.228489977819816,61.090202259823307],[27.364384634363788,61.10139254288184],[27.424372861580796,61.031010869166956],[27.572788656161894,61.017691672390839]]]]}},
{"type":"Feature","properties":{"id":151,"kunta":"444","vuosi":2026,"nimi":"Lohja","namn":"Lojo","name":"Lohja"},"geometry":{"type":"MultiPolygon","coordinates":[[[[23.971326729990079,60.638201014183053],[24.17125416285463,60.484738183385183],[24.133963348118847,60.391843586893707],[24.204039004773627,60.362918302417455],[24.20813207953411,60.29870025925689],[24.305695635044415,60.294645468997146],[24.162050502032095,60.228127747334774],[24.076965998825514,60.227489947265276],[24.008262875856431,60.182502064214589],[24.045805674528967,60.15011723962909],[23.942377708589767,60.129492555696416],[23.898992775301931,60.206001265792516],[23.825840732048391,60.197535860037448],[23.622395098918119,60.166416095584026],[23.620482993577774,60.194133097274658],[23.586321575740072,60.258840474173326],[23.728880254733141,60.328992817711253],[23.723172447000351,60.368755864184557],[23.790487276113318,60.387825226568793],[23.784140396259666,60.450186017247731],[23.739210778347257,60.457028061023863],[23.737486110266438,60.490369452808956],[23.871849838986162,60.507934317870486],[23.844492481463213,60.556423460939484],[23.920549091261872,60.606087320926704],[23.900506809076361,60.649756842588289],[23.971326729990079,60.638201014183053]]]]}},
{"type":"Feature","properties":{"id":152,"kunta":"445","vuosi":2026,"nimi":"Parainen","namn":"Pargas","name":"Pargas"},"geometry":{"type":"MultiPolygon","coordinates":[[[[21.611535942841147,59.812127264874796],[21.593180526700717,59.808583414717695],[21.566368914221879,59.808735072269954],[21.551571869160096,59.816217822710399],[21.548251900023388,59.820128162677676],[21.550035331876796,59.825599907793951],[21.566507420906458,59.838517480914568],[21.612640579181875,59.852742919770535],[21.655437755207043,59.854581728863216],[21.67151882844475,59.839043868078662],[21.652380508194494,59.824682700470667],[21.611535942841147,59.812127264874796]]],[[[21.821626995147628,59.925187373236199],[21.807910759056693,59.909806210598951],[21.772843015520198,59.909586018111902],[21.752492484968425,59.918219692032984],[21.73620540718909,59.940685139270826],[21.742720832410591,59.944813369291367],[21.760301410113239,59.968540661686106],[21.772812086976323,59.974524650970487],[21.78904034324815,59.975167973908526],[21.817846818345789,59.964252841870504],[21.821626995147628,59.925187373236199]]],[[[22.009168274131273,60.137021091179648],[22.026903065636819,60.128247596636555],[22.01282049976313,60.11413771265223],[21.99710528002452,60.11084544817701],[21.926714650300593,60.109328771731711],[21.866837596955644,60.110881668043461],[21.849700878148379,60.115610603836636],[21.835398339297125,60.129802018748805],[21.844733201715922,60.128907561246969],[21.86166138364139,60.141708780051985],[21.895340415070677,60.151288364084955],[21.936061830045702,60.151596027239314],[21.97513241895382,60.143824627615679],[22.009168274131273,60.137021091179648]]],[[[22.270088237724149,60.124036866335928],[22.254547683573708,60.119343702721835],[22.21654726140159,60.119231931729338],[22.189635107170727,60.135698137669849],[22.210718808429622,60.156784380817705],[22.256042507813952,60.180176791725764],[22.285068984150644,60.186699042675826],[22.319879978048196,60.190722193960276],[22.33391368290809,60.187262038118668],[22.346203714875497,60.178254971093978],[22.342720021311681,60.16464667233047],[22.303489911439687,60.137455794767412],[22.270088237724149,60.124036866335928]]],[[[22.065083378830384,60.160882751906342],[22.003036941068807,60.158371942643541],[21.976738226395764,60.168706177284292],[21.97745956159315,60.181683390494292],[21.98928402717997,60.192923364968195],[22.00212531845742,60.197545856974578],[22.064516766408556,60.21625423989348],[22.091060447674767,60.220029004644317],[22.114011023746048,60.212785434768584],[22.113894981066654,60.1965956097347],[22.087887558464637,60.171263763167737],[22.065083378830384,60.160882751906342]]],[[[21.603679498880908,60.109111426166436],[21.549832411647156,60.106718894079535],[21.521468492100389,60.113641117343761],[21.511668374135237,60.122680137292164],[21.512340295670121,60.13485312990634],[21.529847154693041,60.158609803055406],[21.592184930889296,60.191041863530536],[21.633649923985718,60.20370575020484],[21.666131855825956,60.205109700534187],[21.682170858528306,60.190913727221812],[21.678204950110832,60.166377492705777],[21.657390013562239,60.129016950005465],[21.632724985464993,60.114433605569694],[21.603679498880908,60.109111426166436]]],[[[21.786307260129171,60.121037547023086],[21.748528348148202,60.119450501970256],[21.735685583021521,60.130991938095327],[21.747368098076851,60.191001173680291],[21.763631418491968,60.207926138497356],[21.784329243268509,60.214140412485655],[21.843974937261841,60.215309054765164],[21.890748620975682,60.213256212854581],[21.913140870758486,60.208722962439985],[21.930719172859721,60.201393660711183],[21.929698380031997,60.190472704425311],[21.912482647194256,60.180368524740352],[21.862651964338141,60.168818462493242],[21.839711942539516,60.159740457144977],[21.807348536208234,60.132749553929337],[21.788569114056717,60.123825118762646],[21.786307260129171,60.121037547023086]]],[[[21.323871211197556,60.245295697558376],[21.372850213059756,60.229932629730072],[21.385406767606504,60.23055613932631],[21.461394939926187,60.237987662076051],[21.469691447105703,60.237075143716126],[21.479764934991529,60.226699890761267],[21.481106446457996,60.203724642499822],[21.470312764524106,60.188429211841651],[21.449528991866767,60.182070052633769],[21.401414843144387,60.177161459059384],[21.329539796065422,60.183364228472627],[21.282015121445692,60.190674397852113],[21.274582740912276,60.201150464360033],[21.279770751914455,60.232508685831149],[21.294063963468073,60.243923658190788],[21.323871211197556,60.245295697558376]]],[[[21.626545697306423,60.21286252249093],[21.58060631347163,60.210808320331225],[21.568944321085255,60.215727491539504],[21.557544822402139,60.21795773502393],[21.54571164331244,60.239060907307248],[21.538639003965937,60.279251758638672],[21.57394421307654,60.295725899255558],[21.590992441283248,60.292374902933723],[21.650070238510398,60.250336902240441],[21.655356418685614,60.235708283917312],[21.651279647161878,60.227447832863398],[21.626545697306423,60.21286252249093]]],[[[21.425284081600878,60.241779378916675],[21.416130726509795,60.238154486113075],[21.37930558021603,60.239744278616833],[21.36650088727945,60.249996653970278],[21.386604916299664,60.275233619044926],[21.424083661781214,60.294451275385576],[21.448364549590025,60.295561040538544],[21.460253181170174,60.290660686745667],[21.464522802234679,60.266548108123089],[21.445692872200695,60.249475198867799],[21.425284081600878,60.241779378916675]]],[[[22.480527287216209,60.340054769624615],[22.49718809781487,60.328762644098241],[22.490193258411288,60.320344731437338],[22.44990442393021,60.297303994207617],[22.418354732675102,60.270416659228616],[22.383756529680031,60.247549822598494],[22.349829908662468,60.23683338293376],[22.320337548537342,60.216734494216894],[22.29280589387729,60.200833667325426],[22.246819183487862,60.199099889642959],[22.213137261746965,60.205887908953855],[22.203104059839738,60.217662938301366],[22.203656775884273,60.23116999524558],[22.203999989628368,60.246108059642715],[22.19532587667263,60.249749884092481],[22.139407252714477,60.258409755351458],[22.111749855771919,60.281220714718756],[22.118256135944335,60.32372246765236],[22.149705481241696,60.331709810148553],[22.221756719198417,60.325153170925141],[22.297850583828083,60.328051735011762],[22.319100864486693,60.331590190175618],[22.358337779906346,60.343846711238299],[22.400511385000424,60.353495684474261],[22.429416062282048,60.350605556390931],[22.447714478858408,60.346548240965987],[22.464507891300105,60.34478005426682],[22.480527287216209,60.340054769624615]]],[[[21.367504990151382,60.364936868395581],[21.354260016713198,60.348088239630457],[21.321420465660406,60.347945655970257],[21.287876648337043,60.351813720793601],[21.271632096428519,60.367759667708405],[21.289265544061067,60.38840573590884],[21.315794823296621,60.393683698074874],[21.33903343306293,60.386578968621201],[21.367504990151382,60.364936868395581]]],[[[21.41744510978361,60.376674676387346],[21.406635705745039,60.376129496880345],[21.39493828789729,60.379684641793219],[21.367822059432712,60.408228045654141],[21.362788313640117,60.421510647398037],[21.369342674655904,60.429886377649666],[21.382132682066445,60.435916276686328],[21.413958816876001,60.441396888996039],[21.428618273746185,60.4366141857763],[21.4419814344492,60.407484251197737],[21.436803830513018,60.39098303870896],[21.41744510978361,60.376674676387346]]],[[[21.224967137194053,60.396241382367776],[21.200679990887039,60.393742508553274],[21.181862153259299,60.406417250945431],[21.178434385112226,60.410316505856905],[21.178560684647028,60.423820517903636],[21.18475198110762,60.434980506241715],[21.196864609858686,60.443609222697035],[21.215346726307963,60.447204871517549],[21.236172604185903,60.438661541743187],[21.239682937557181,60.41991699965142],[21.224967137194053,60.396241382367776]]]]}},
{"type":"Feature","properties":{"id":153,"kunta":"475","vuosi":2026,"nimi":"Maalahti","namn":"Malax","name":"Malax"},"geometry":{"type":"MultiPolygon","coordinates":[[[[21.785131655655142,62.893989297950782],[21.772061018101777,62.863564161770384],[21.729138310750088,62.767665482219996],[21.646503920566442,62.743267211786723],[21.523910627136772,62.76401321782258],[21.374406680462901,62.757873286915526],[21.302503233576481,62.810025495787556],[21.371595246044738,62.835872853860053],[21.313268874529218,62.881943432645045],[21.329456615575523,62.876464835442974],[21.365156019418905,62.875291460101202],[21.396834422300234,62.880696621189045],[21.412889141469318,62.889522849818817],[21.417993148211036,62.893774164678838],[21.399966467259919,62.924097070643981],[21.43060167729746,62.949783978944026],[21.464102747230427,62.960641178691482],[21.474858359599882,62.966461271724164],[21.470347135971242,62.989225024764359],[21.459533164777984,62.998246686080613],[21.445892407057691,63.005447055188974],[21.442074387016582,63.013002502695251],[21.563075411382698,62.984828347205308],[21.785131655655142,62.893989297950782]]],[[[21.214943929985044,62.970243073220203],[21.2039057359484,62.952151587184737],[21.171101755553369,62.952147058607707],[21.145524786846341,62.960445057895541],[21.131681430306468,62.96931826412326],[21.1279313926558,62.973211750478939],[21.125553283535908,62.998761343487196],[21.134691258745573,63.011381210772115],[21.148344400721825,63.017348147079915],[21.175310341926799,63.017204698057455],[21.197734850716156,63.010030160068339],[21.208152953017802,63.002449591721422],[21.214943929985044,62.970243073220203]]],[[[20.856368129907906,62.960904492747204],[20.821118406458243,62.959271450208796],[20.803670692399148,62.97065805083227],[20.798827409474615,62.978547290984835],[20.812476198554624,62.998143260741145],[20.834300298241093,63.007292250404006],[20.858612207517609,63.005653194055945],[20.877944584912587,62.998482612267182],[20.887415743041171,62.982600405709931],[20.870398296503073,62.965657099632281],[20.856368129907906,62.960904492747204]]]]}},
{"type":"Feature","properties":{"id":154,"kunta":"478","vuosi":2026,"nimi":"Maarianhamina - Mariehamn","namn":"Mariehamn","name":"Mariehamn"},"geometry":{"type":"MultiPolygon","coordinates":[[[[19.999570229539593,60.09724346880202],[20.007873687493497,60.050246181923477],[19.992172898767954,60.0512219698143],[19.94061913053681,60.041559703902891],[19.927965110715281,60.040177135267037],[19.917776221381146,60.042241869063396],[19.899315078790554,60.088551645391235],[19.895136851193922,60.088686641628151],[19.886978660835894,60.088842877084765],[19.870805951515006,60.136661856802327],[19.975984013801529,60.151924683672341],[19.999570229539593,60.09724346880202]]]]}},
{"type":"Feature","properties":{"id":155,"kunta":"480","vuosi":2026,"nimi":"Marttila","namn":"S:t Mårtens  ","name":"Marttila"},"geometry":{"type":"MultiPolygon","coordinates":[[[[22.965244304630694,60.71085625493572],[23.100717169359541,60.573529048525302],[22.846004877125786,60.510882942314659],[22.828917879418242,60.52435674162323],[22.799214035463528,60.593666466239462],[22.854683959216334,60.629263458376677],[22.938445126355859,60.715673779598447],[22.965244304630694,60.71085625493572]]]]}},
{"type":"Feature","properties":{"id":156,"kunta":"481","vuosi":2026,"nimi":"Masku","namn":"Masku","name":"Masku"},"geometry":{"type":"MultiPolygon","coordinates":[[[[22.210045329866677,60.595678454446436],[22.143837238055781,60.529723469651508],[22.085079419420573,60.514961350614058],[22.006902079953772,60.500403975614226],[21.999412466052902,60.505683063997779],[21.975436278678668,60.512634438577983],[21.952672857367865,60.517079350588872],[21.933436510898208,60.515269643884793],[21.921454038279979,60.514114157146828],[21.911042490925286,60.520483198457455],[21.800377853563667,60.510772088016836],[21.811523237515573,60.542257133020762],[21.793709225839109,60.553201421274416],[21.812271403044672,60.551886107907976],[21.835010883136537,60.56946058528888],[21.836877492260971,60.579091535657639],[21.927374454969392,60.602178987480585],[21.97696781540575,60.596997994735503],[22.040524929598991,60.564229636433616],[22.182054749100388,60.616105234093659],[22.210045329866677,60.595678454446436]]]]}},
{"type":"Feature","properties":{"id":157,"kunta":"483","vuosi":2026,"nimi":"Merijärvi","namn":"Merijärvi","name":"Merijärvi"},"geometry":{"type":"MultiPolygon","coordinates":[[[[24.797150268137539,64.377530377397463],[24.667565358363017,64.288250698569144],[24.538798049462187,64.277530238552828],[24.582053909479697,64.186453187722009],[24.287705378021556,64.300094224809428],[24.264593123129135,64.31210613135147],[24.371450897218004,64.361499498110021],[24.469980939133496,64.385780712657592],[24.68520822980976,64.374750506220124],[24.797150268137539,64.377530377397463]]]]}},
{"type":"Feature","properties":{"id":158,"kunta":"484","vuosi":2026,"nimi":"Merikarvia","namn":"Sastmola","name":"Merikarvia"},"geometry":{"type":"MultiPolygon","coordinates":[[[[21.749405167768725,62.015861794544016],[21.678973360850737,61.815890850115082],[21.728052101785316,61.747920241548712],[21.536697521574062,61.73744104662628],[21.515636992468092,61.75835687808938],[21.484532020049734,61.771950412273206],[21.444011390689841,61.789114373528498],[21.433146246416683,61.8008186657935],[21.448174561359252,61.812314768176627],[21.50849038771798,61.812137190835877],[21.519084446155347,61.816699682179653],[21.507276445101624,61.833769304464816],[21.473081548724164,61.847148722942357],[21.451510436680849,61.870568274273388],[21.428212143076195,61.916857208217323],[21.396182466847204,61.934357646207012],[21.360905863164486,61.938222341747043],[21.343832111872374,61.954075874754004],[21.340596770992338,61.957091821619663],[21.332016553974324,61.966964833553227],[21.426639767526076,62.009585021904286],[21.647847939153969,62.019585022388114],[21.749405167768725,62.015861794544016]]]]}},
{"type":"Feature","properties":{"id":159,"kunta":"489","vuosi":2026,"nimi":"Miehikkälä","namn":"Miehikkälä","name":"Miehikkälä"},"geometry":{"type":"MultiPolygon","coordinates":[[[[27.713883752956615,60.795331602317717],[27.727538557807843,60.762794242113294],[27.792923337268434,60.76920299736237],[27.851152064843141,60.76516588673244],[27.872870332972493,60.723125046458122],[27.901929159983865,60.696385100522612],[27.991282508924915,60.668984892265108],[27.888741681372284,60.612942346961191],[27.854273647550603,60.616339933922696],[27.820038295985274,60.654512859701839],[27.75410558905882,60.624555037599301],[27.696253879795972,60.621021533169497],[27.592299856299647,60.660186895567065],[27.533010650369366,60.656385325642454],[27.539857974778222,60.618190011092402],[27.487979431682181,60.616379542993421],[27.454678852322331,60.641097003030374],[27.428359698912598,60.842640037442749],[27.504716492705558,60.799232166309807],[27.606043266331127,60.80583736935877],[27.713883752956615,60.795331602317717]]]]}},
{"type":"Feature","properties":{"id":160,"kunta":"491","vuosi":2026,"nimi":"Mikkeli","namn":"S:t Michel","name":"Mikkeli"},"geometry":{"type":"MultiPolygon","coordinates":[[[[27.392461755128146,62.005862094873173],[27.393024769867463,61.981818260678835],[27.470319702338035,61.937672718019556],[27.429776307808986,61.906960504469922],[27.433432268654201,61.864605225665876],[27.540708107281279,61.762694217932498],[27.650463262157334,61.69834746215389],[27.80961145270399,61.687324685493927],[27.877102870936397,61.653092812163052],[27.874346428883925,61.597086552650971],[27.900382419290185,61.545595533291845],[27.810532870828897,61.499708438681523],[27.740914128045286,61.468174584757371],[27.759699143302306,61.435158760763208],[27.678792070507011,61.406083503196619],[27.749400149402035,61.369567236979009],[27.792606510919967,61.362078407547813],[27.754461486822667,61.329050282625204],[27.64673370488693,61.343889442694724],[27.592085977688239,61.310836220869845],[27.577048790489417,61.263200802777114],[27.430299477976146,61.271643076133813],[27.378517821163374,61.214238734427859],[27.290147557604872,61.300017789506995],[27.217416167898882,61.317183210228201],[27.051097660448644,61.330981529372629],[26.953882436172375,61.347601217052137],[27.019289681288964,61.384985454287772],[27.106646288941274,61.368778074944416],[27.164929269893836,61.401653825284612],[27.063440210616292,61.433889576260967],[26.9900594206321,61.464548213074785],[26.963680060721821,61.503426386559731],[27.019442235373635,61.567996624780811],[26.951778593520775,61.611006453922272],[26.982243185500689,61.700685993284026],[26.883880600269681,61.737569983352209],[26.832212428415673,61.850305379518559],[26.86638332580738,61.901255505743187],[26.942180151559175,61.922251515503611],[26.982656626004729,61.902381151105878],[27.126573915844848,61.963707114207295],[26.972759247534736,62.039202662014823],[26.874503027221532,62.044706957637231],[26.83149434444719,62.075425709782536],[26.85273803949617,62.12890094706502],[26.944226068945071,62.142484786568531],[26.987118827461988,62.181898758375617],[27.135460371721177,62.199156384224167],[27.392461755128146,62.005862094873173]]]]}},
{"type":"Feature","properties":{"id":161,"kunta":"494","vuosi":2026,"nimi":"Muhos","namn":"Muhos","name":"Muhos"},"geometry":{"type":"MultiPolygon","coordinates":[[[[26.394312752497235,64.844415847495625],[26.373231465112511,64.793963549870682],[26.195244923650346,64.839411141900129],[26.183312193587863,64.817903312057382],[26.291510256874403,64.749233525396974],[26.388281084709892,64.659250331717146],[26.238989019135538,64.639093884042481],[26.315765506364329,64.595080724896803],[26.455144920218526,64.621954073660788],[26.461583101059396,64.565052429663766],[26.291105954353402,64.479063859165151],[26.168171254720487,64.592167099432586],[25.99807511560293,64.677020752073688],[25.99410595143636,64.717878356301938],[25.750454476846922,64.888998221326688],[25.840009767432186,64.893024458185153],[26.050988210219405,64.977844595343612],[26.1755253786426,64.945583784591562],[26.273238691305639,64.905945513888966],[26.394312752497235,64.844415847495625]]]]}},
{"type":"Feature","properties":{"id":162,"kunta":"495","vuosi":2026,"nimi":"Multia","namn":"Multia","name":"Multia"},"geometry":{"type":"MultiPolygon","coordinates":[[[[25.25191308575803,62.537650595588559],[25.194984248459647,62.534619276887156],[25.124827489330652,62.42702205842631],[25.030050005891777,62.367204172150487],[25.068965728195295,62.332059854261736],[24.902236047096398,62.315839661533978],[24.87068843334098,62.349876414315204],[24.741696754517509,62.327423204065674],[24.714229737815909,62.355633784118304],[24.616990625903476,62.429025703263932],[24.58601049400167,62.45417986751243],[24.530567921024353,62.528407843002853],[24.561073130558484,62.58622657617299],[24.528773072744112,62.62728306101382],[24.582168743655217,62.664786460859894],[24.714105419164902,62.531526345966697],[24.899756610669375,62.602080118147903],[24.955293292081755,62.572211331843427],[25.183785131069193,62.582283249112656],[25.25191308575803,62.537650595588559]]]]}},
{"type":"Feature","properties":{"id":163,"kunta":"498","vuosi":2026,"nimi":"Muonio","namn":"Muonio","name":"Muonio"},"geometry":{"type":"MultiPolygon","coordinates":[[[[24.10680711409702,68.138940791877545],[24.100774326834554,68.092529020096009],[24.192043293680776,68.086253533131938],[24.17711443503384,68.033931231346259],[24.210440157917279,67.990887893221569],[24.14524877871844,67.921474632160681],[24.272948741279126,67.626854880427217],[24.065584029020478,67.635533561524397],[23.540489905616258,67.461044894905939],[23.494811617339838,67.446377669481038],[23.422498396246912,67.461974145649407],[23.393668068853621,67.484855600063426],[23.479673620086778,67.536205950140968],[23.461461529590913,67.563510843948791],[23.54321867479003,67.582381631215569],[23.551912130917927,67.622574290039523],[23.492155457634226,67.663839359407518],[23.477040565764181,67.741779076426198],[23.477153791780506,67.839866992684549],[23.52614492893726,67.887086077455052],[23.581573079443764,67.893308534725733],[23.66456593399565,67.941217431745415],[23.618861460888699,67.968369037568721],[23.571485682200141,67.973316304315475],[23.509829569439194,68.010289003957809],[23.387876715750849,68.047898307105939],[23.286698218026149,68.154273009140255],[23.322001006533085,68.174735832411599],[23.739349790557277,68.187294997716208],[23.818118638378934,68.152845094408107],[23.956598969519501,68.150623551855929],[23.962869612547546,68.115932993223637],[24.10680711409702,68.138940791877545]]]]}},
{"type":"Feature","properties":{"id":164,"kunta":"499","vuosi":2026,"nimi":"Mustasaari","namn":"Korsholm","name":"Korsholm"},"geometry":{"type":"MultiPolygon","coordinates":[[[[21.625944305017853,63.230820340024778],[21.689436233106981,63.229343589659933],[21.760031251068646,63.252384340209069],[21.809061266400519,63.263808426140557],[21.856606023704259,63.266977153617056],[21.88860835672455,63.272269056601381],[21.958523677039626,63.262719226133505],[22.050676968598591,63.136980942533839],[21.912105750342757,63.048764611687247],[21.785131655655142,62.893989297950782],[21.563075411382698,62.984828347205308],[21.637478843452655,63.063327565844084],[21.772322523785473,63.037706671737418],[21.828894351395618,63.061673580975217],[21.814374179550981,63.111526006928187],[21.754977733244637,63.117251686640714],[21.697652952446145,63.116159016971018],[21.653659910581805,63.147694915502861],[21.517709140469194,63.17104731560562],[21.543639881196267,63.207258120146683],[21.536401328889479,63.243412125014835],[21.549964501518055,63.265613173349138],[21.568997270215636,63.27587766114371],[21.580897398258031,63.276332231891779],[21.596468146710251,63.263612581491429],[21.60144331047821,63.248779911061632],[21.625944305017853,63.230820340024778]]],[[[21.776563836095079,63.292205858204866],[21.765042378164214,63.274244125353874],[21.74998179618559,63.273598329048838],[21.734124165351279,63.278407709819817],[21.701964546945845,63.289264227889994],[21.686081656478898,63.277877810460595],[21.677661716335805,63.258584184163155],[21.657094599921308,63.256462447835574],[21.640800736857884,63.262504430211749],[21.641051636345697,63.292286735838005],[21.669316229572136,63.31772514666973],[21.680739753056312,63.320851286523208],[21.70779254623957,63.320601430421874],[21.752835037677333,63.306171514044536],[21.776563836095079,63.292205858204866]]],[[[21.258037619211784,63.295315732596208],[21.258554155096959,63.277699930271794],[21.24305338011126,63.26627408610014],[21.224413498574087,63.254628444116349],[21.2287253731965,63.24805495411929],[21.248349336581015,63.240753361179756],[21.299531131565782,63.240300044286016],[21.32005772757358,63.242473119352574],[21.348514660509693,63.265293533530908],[21.365810455672655,63.268770253021728],[21.397027649352093,63.263347943286959],[21.416880164147067,63.254683491114797],[21.442987718281589,63.230067849651363],[21.448082139997592,63.204627187488143],[21.441500734634761,63.192223811083899],[21.433136780178412,63.189106474345458],[21.394148806070447,63.188828720225665],[21.351411969832444,63.192439625981329],[21.332248792930265,63.183486463002573],[21.310529818264207,63.158231608742028],[21.258480864792265,63.162788564800387],[21.216320214176118,63.178529648418241],[21.191610997496902,63.181567775167942],[21.176812427738458,63.180870022561471],[21.154519273775616,63.186700976995105],[21.113907308128155,63.222727539997038],[21.078310213419275,63.276595088576954],[21.079138616105208,63.286169679118522],[21.091807277713833,63.297497314752306],[21.106663081253785,63.298204535612562],[21.152250116183186,63.282540055874264],[21.187356430491057,63.301709621810865],[21.206298485623083,63.31193217125432],[21.227656954255362,63.310191813843105],[21.258037619211784,63.295315732596208]]],[[[21.381180142386977,63.32615148422677],[21.361903055224658,63.317290723131308],[21.298938071914428,63.315948775612547],[21.259791751453907,63.342627683657618],[21.278700254480714,63.35427732152715],[21.333138617735802,63.368782798529111],[21.374827448970468,63.371876052593741],[21.388336005216601,63.364311854058066],[21.400621897000207,63.348601196496325],[21.381180142386977,63.32615148422677]]],[[[21.204739224807277,63.33355574163631],[21.172334076843057,63.329441381763296],[21.153391756551425,63.333973146460615],[21.14857737179107,63.341874497217383],[21.153154950297754,63.348902271932744],[21.216359805702886,63.392160594152834],[21.243677981861577,63.392007742926189],[21.253608105527267,63.373512265634147],[21.229112156548215,63.34678518543079],[21.204739224807277,63.33355574163631]]]]}},
{"type":"Feature","properties":{"id":165,"kunta":"500","vuosi":2026,"nimi":"Muurame","namn":"Muurame","name":"Muurame"},"geometry":{"type":"MultiPolygon","coordinates":[[[[25.795206628009133,62.094439421365827],[25.767989107301887,62.06355418989974],[25.479702714999711,62.086112879518581],[25.541844947027997,62.159968048605023],[25.479357132106117,62.184429353530923],[25.493946402036887,62.233008898622707],[25.570796494024904,62.242826654702675],[25.600402605593832,62.186195497643048],[25.762098341170155,62.179884523803644],[25.79402233512652,62.152396790433393],[25.715371835316652,62.149629139669173],[25.705155659385468,62.118165405958379],[25.795206628009133,62.094439421365827]]]]}},
{"type":"Feature","properties":{"id":166,"kunta":"503","vuosi":2026,"nimi":"Mynämäki","namn":"Virmo","name":"Mynämäki"},"geometry":{"type":"MultiPolygon","coordinates":[[[[22.160313628969117,60.872005743302161],[22.22208128045029,60.807938222398057],[22.415003582268326,60.737293601325753],[22.261087432427534,60.725855473588354],[22.095007748519439,60.687036211606987],[21.927374454969392,60.602178987480585],[21.836877492260971,60.579091535657639],[21.839820164665735,60.594264338382523],[21.840451138974046,60.596150464184312],[21.837250094044897,60.615003515006869],[21.819804616925015,60.621072762785012],[21.805616767659735,60.620521211162249],[21.783086828439714,60.614589881911328],[21.798820580613324,60.738462673420905],[22.128467334913754,60.904205375942851],[22.160313628969117,60.872005743302161]]]]}},
{"type":"Feature","properties":{"id":167,"kunta":"504","vuosi":2026,"nimi":"Myrskylä","namn":"Mörskom","name":"Myrskylä"},"geometry":{"type":"MultiPolygon","coordinates":[[[[25.933518664118793,60.705943160709502],[25.934472992821139,60.675999701804798],[25.904978812414225,60.637072083545405],[25.904978375569968,60.637071487341103],[25.904959179736448,60.637046125543456],[25.904959057274102,60.637045962915067],[26.000593601754687,60.64380303158196],[26.000199947954336,60.643355797349741],[26.000035529765888,60.643168998223132],[26.00003434661663,60.643167642520233],[25.938049380280447,60.57257638879765],[25.823227082359047,60.550997512042919],[25.823226596027776,60.550997848979605],[25.823165827953215,60.551040325437995],[25.82316479897214,60.551041043712274],[25.769019793993973,60.588836956790416],[25.65964655260855,60.613875225767643],[25.734213346610428,60.657430868427923],[25.746750479765094,60.708061448886959],[25.914931152114022,60.735870373003841],[25.914933358989874,60.735870732063503],[25.93350921757304,60.705958421871507],[25.933518644017681,60.705943214424245],[25.933518664118793,60.705943160709502]]]]}},
{"type":"Feature","properties":{"id":168,"kunta":"505","vuosi":2026,"nimi":"Mäntsälä","namn":"Mäntsälä","name":"Mäntsälä"},"geometry":{"type":"MultiPolygon","coordinates":[[[[25.433299700718592,60.795448925440766],[25.500993223929303,60.762611455861503],[25.519284242909226,60.703894552006304],[25.471161519939187,60.692302213460344],[25.425288589738241,60.663196225277566],[25.442349224532045,60.636728687832345],[25.516227783773456,60.579859897024953],[25.501909979004527,60.55695843855267],[25.415492397092699,60.54154417236461],[25.393388728832214,60.551206496042546],[25.241478777573693,60.537995501748412],[25.204086670481704,60.524854117787349],[25.224187585751427,60.501631092847951],[25.16930216273153,60.506231275417086],[25.128145904171955,60.528528653055794],[25.045343265496069,60.576863253430425],[25.112461801733254,60.661596218414445],[25.146052623186016,60.716465283186075],[25.058278024535554,60.724986221663542],[25.154875866547378,60.778382828520144],[25.110974490802914,60.818583349408691],[25.209112372599208,60.840851128270202],[25.298117570558698,60.751955100429711],[25.382183800606064,60.753401044890325],[25.433299700718592,60.795448925440766]]]]}},
{"type":"Feature","properties":{"id":169,"kunta":"507","vuosi":2026,"nimi":"Mäntyharju","namn":"Mäntyharju","name":"Mäntyharju"},"geometry":{"type":"MultiPolygon","coordinates":[[[[26.515458036200322,61.627056458651566],[26.604682831883871,61.57224807665802],[26.652388219661962,61.588291188996379],[26.727759901087001,61.565364175380878],[26.784016041417697,61.575851582114701],[26.835926396032551,61.522865851516109],[26.963680060721821,61.503426386559731],[26.9900594206321,61.464548213074785],[27.063440210616292,61.433889576260967],[27.164929269893836,61.401653825284612],[27.106646288941274,61.368778074944416],[27.019289681288964,61.384985454287772],[26.953882436172375,61.347601217052137],[27.051097660448644,61.330981529372629],[27.217416167898882,61.317183210228201],[27.290147557604872,61.300017789506995],[27.378517821163374,61.214238734427859],[27.355504044921208,61.173546103298236],[27.205820105829947,61.162471387298091],[27.03116750114166,61.152061287478205],[26.912133044486779,61.183161526046035],[26.920758582575299,61.225749317534145],[26.852307263644104,61.283686719327271],[26.661317791705699,61.206879021660669],[26.671101565327678,61.243590570433149],[26.633799431793744,61.287146354990348],[26.513662871660539,61.274326396407247],[26.483071417737502,61.322836519040195],[26.39956964614499,61.3220207569262],[26.318238062096828,61.370904708902067],[26.264849337340653,61.425830802525759],[26.277894557720796,61.537153851181628],[26.315039150182866,61.608449415135752],[26.377188763622161,61.657805244640485],[26.515458036200322,61.627056458651566]]]]}},
{"type":"Feature","properties":{"id":170,"kunta":"508","vuosi":2026,"nimi":"Mänttä-Vilppula","namn":"Mänttä-Vilppula","name":"Mänttä-Vilppula"},"geometry":{"type":"MultiPolygon","coordinates":[[[[24.730913476120385,62.023191749646323],[24.621260753821304,61.992534457489924],[24.52464400530398,61.909333344402725],[24.438634490337989,61.910566200001817],[24.281702501859716,62.012403125284003],[24.311223683642236,62.045297056174597],[24.284842828720112,62.077647912629608],[24.140740073423899,62.081327187387402],[24.035510181117022,62.120955719458024],[24.211291897819095,62.252326175031328],[24.335947974537124,62.168039683712536],[24.427472390027713,62.152704493482375],[24.498211629495678,62.197101809908183],[24.560196412314809,62.18565007582562],[24.730913476120385,62.023191749646323]]]]}},
{"type":"Feature","properties":{"id":267,"kunta":"834","vuosi":2026,"nimi":"Tammela","namn":"Tammela","name":"Tammela"},"geometry":{"type":"MultiPolygon","coordinates":[[[[24.063243377269746,60.793455344690585],[24.046748246505167,60.642324511485313],[23.971326729990079,60.638201014183053],[23.900506809076361,60.649756842588289],[23.684147331127964,60.657241273587843],[23.502136916093001,60.74398925819586],[23.55046486665411,60.788933146544771],[23.634543604022369,60.779526834571229],[23.702009986070436,60.805265501291153],[23.647707680492289,60.876361775536395],[23.755475170029069,60.938138859489463],[23.839370064580276,60.939705826084101],[23.856574594893015,60.971536222347837],[24.021798498519889,60.928403543270377],[23.98876514876012,60.879635025010316],[24.063243377269746,60.793455344690585]]]]}},
{"type":"Feature","properties":{"id":268,"kunta":"837","vuosi":2026,"nimi":"Tampere","namn":"Tammerfors","name":"Tampere"},"geometry":{"type":"MultiPolygon","coordinates":[[[[24.090787718735882,61.79284979573162],[24.118516743255732,61.627191290872659],[23.890192527295564,61.427368437586559],[23.822921399526177,61.429860799794803],[23.777225198527702,61.423386637058933],[23.779289479700466,61.431830407759364],[23.741124412235571,61.432161561894645],[23.725645111538959,61.484092041333604],[23.613138048482465,61.4777920243815],[23.542299896544801,61.533338680172669],[23.645937377607286,61.530832881994158],[23.763238464691558,61.53988315925487],[23.721328602313861,61.671015391518075],[23.855517951522621,61.836613900405908],[23.999885850026338,61.787160949530382],[24.090787718735882,61.79284979573162]]]]}},
{"type":"Feature","properties":{"id":269,"kunta":"844","vuosi":2026,"nimi":"Tervo","namn":"Tervo","name":"Tervo"},"geometry":{"type":"MultiPolygon","coordinates":[[[[26.908946544732139,62.849945784315075],[26.842140833943343,62.804590950381744],[26.667202065265698,62.849158717027457],[26.681346020431711,62.898177843241619],[26.543630671841683,62.99881354264339],[26.622740793498512,63.020318458712175],[26.60684031894035,63.042070938214337],[26.876453280635999,63.080036986027977],[26.956616550521158,63.11769253710554],[27.125560306747595,63.005503559425684],[26.895500491490683,62.989032785101799],[26.940105920733998,62.915803513569344],[26.908946544732139,62.849945784315075]]]]}},
{"type":"Feature","properties":{"id":171,"kunta":"529","vuosi":2026,"nimi":"Naantali","namn":"Nådendal","name":"Naantali"},"geometry":{"type":"MultiPolygon","coordinates":[[[[21.783449131777477,60.333100084962879],[21.732353759925108,60.328202134775005],[21.694462665257337,60.341443156093924],[21.672720885180059,60.356762832410844],[21.672833851183512,60.371609258182914],[21.673785649991562,60.382441549676265],[21.745395811766745,60.380078425865179],[21.771227459443395,60.373093398632939],[21.793149395819086,60.356416462721789],[21.792372488538753,60.344243804996566],[21.783449131777477,60.333100084962879]]],[[[21.607205809964174,60.402602062575902],[21.566823377916752,60.399426609645531],[21.555157858104675,60.429984858095573],[21.580503612240705,60.446044057721785],[21.626879531667225,60.462859276392201],[21.640215216070576,60.464836749593374],[21.658125479613947,60.441270469490455],[21.635002568317393,60.415961653763297],[21.607205809964174,60.402602062575902]]],[[[21.977715607350159,60.297881364705333],[21.953645063934378,60.294179325902967],[21.926017193740226,60.297081557061865],[21.910028219898159,60.311307555132686],[21.905470106437267,60.321924552272549],[21.923149849994715,60.346974285688752],[21.924393614937223,60.356464773092604],[21.903587529964422,60.366459446707601],[21.851327539007642,60.384588544002654],[21.807521135670935,60.427942899141165],[21.802027859709543,60.43384414039437],[21.800909312915113,60.456735378531533],[21.809212222981149,60.471989871857431],[21.832359516189157,60.481075561860422],[21.857191081294935,60.480778601249959],[21.877874269050483,60.472133250647495],[21.900022551544595,60.454098100057493],[21.909442166650791,60.447444234433824],[21.912520859359319,60.445223812873706],[21.919383698580937,60.444407048294934],[21.92755879370516,60.436355524238685],[22.012467443859201,60.387051348419654],[22.025083451608737,60.359198094326466],[22.01016705794628,60.316732471776909],[21.998087128709759,60.306835013180532],[21.977715607350159,60.297881364705333]]],[[[22.074759840215776,60.471434763755553],[22.107843032922673,60.447939572910478],[22.105089139610392,60.439551846631147],[22.097510815899813,60.44479911230745],[22.079385856082848,60.447906346670344],[22.063948446934035,60.440500147557962],[22.052002305012483,60.430524271914109],[22.038664019070051,60.427329399317834],[22.014054256580383,60.427667499510328],[21.987800764571528,60.437471407648204],[21.970312504807524,60.443465645534516],[21.95760812168837,60.453776006548139],[21.966165570222543,60.469028430369143],[21.994132170317464,60.466037006459487],[22.021281459205099,60.46714579877294],[22.031105988777274,60.47434737688328],[22.023225893804376,60.488890476592076],[22.006902079953772,60.500403975614226],[22.085079419420573,60.514961350614058],[22.074759840215776,60.471434763755553]]],[[[21.811523237515573,60.542257133020762],[21.800377853563667,60.510772088016836],[21.911042490925286,60.520483198457455],[21.921454038279979,60.514114157146828],[21.904147063651358,60.512443182948552],[21.840451182515171,60.498927536472614],[21.824786141317627,60.501107454032706],[21.817880482295347,60.502097921497111],[21.785093466652416,60.500727381576958],[21.756511429573909,60.49141943497257],[21.73565966183536,60.485109397919111],[21.713322727063641,60.486832132602956],[21.713437034720304,60.501767964883136],[21.725580393833368,60.527974496634648],[21.74476503476593,60.543573932972009],[21.764786867957397,60.55524547468125],[21.793709225839109,60.553201421274416],[21.811523237515573,60.542257133020762]]]]}},
{"type":"Feature","properties":{"id":172,"kunta":"531","vuosi":2026,"nimi":"Nakkila","namn":"Nakkila","name":"Nakkila"},"geometry":{"type":"MultiPolygon","coordinates":[[[[22.166125871925171,61.405461095442362],[22.064535336128767,61.350393037640963],[22.021194688652841,61.294440372191133],[21.876235785706861,61.296704473155025],[21.780783525680732,61.337817009760407],[21.713247587894237,61.389872736286463],[21.803713056037974,61.385145669372911],[22.028275780491889,61.420750670389197],[22.166125871925171,61.405461095442362]]]]}},
{"type":"Feature","properties":{"id":173,"kunta":"535","vuosi":2026,"nimi":"Nivala","namn":"Nivala","name":"Nivala"},"geometry":{"type":"MultiPolygon","coordinates":[[[[25.366416102777933,63.93004031600141],[25.266629049791216,63.932260486956608],[25.107106941175424,63.771845261603517],[25.021000819545993,63.831106077234971],[24.967383887215661,63.800598561432516],[24.91582559284382,63.85086595303887],[24.639092815411836,63.946762549189941],[24.745392780769784,63.993688120362819],[24.913041626974426,63.983213570580681],[25.021245459300346,64.067938287947513],[25.14741222423805,64.026154763532773],[25.366416102777933,63.93004031600141]]]]}},
{"type":"Feature","properties":{"id":174,"kunta":"536","vuosi":2026,"nimi":"Nokia","namn":"Nokia","name":"Nokia"},"geometry":{"type":"MultiPolygon","coordinates":[[[[23.542299896544801,61.533338680172669],[23.613138048482465,61.4777920243815],[23.546201449983631,61.469548379972395],[23.477621428456288,61.396825487405003],[23.393168822696541,61.360741191628243],[23.343086992054477,61.340708304879996],[23.271294633699227,61.345878179119119],[23.220749138810959,61.328405047652296],[23.202292860303338,61.376732229363157],[23.171146358714772,61.436132716255116],[23.203350256845795,61.474441750555329],[23.193788259912239,61.537756035062039],[23.381572971759773,61.518904159823329],[23.442162492297243,61.572227487935585],[23.542299896544801,61.533338680172669]]]]}},
{"type":"Feature","properties":{"id":175,"kunta":"538","vuosi":2026,"nimi":"Nousiainen","namn":"Nousis","name":"Nousiainen"},"geometry":{"type":"MultiPolygon","coordinates":[[[[22.210045329866677,60.595678454446436],[22.182054749100388,60.616105234093659],[22.040524929598991,60.564229636433616],[21.97696781540575,60.596997994735503],[21.927374454969392,60.602178987480585],[22.095007748519439,60.687036211606987],[22.261087432427534,60.725855473588354],[22.415003582268326,60.737293601325753],[22.210045329866677,60.595678454446436]]]]}},
{"type":"Feature","properties":{"id":176,"kunta":"541","vuosi":2026,"nimi":"Nurmes","namn":"Nurmes","name":"Nurmes"},"geometry":{"type":"MultiPolygon","coordinates":[[[[29.775689020543059,63.703356373931271],[29.681838684901042,63.672945699558014],[29.607895593574192,63.660087757909878],[29.5426014577667,63.614883482969262],[29.495061205894444,63.547681617686663],[29.566495919490738,63.464434468756366],[29.522478805490014,63.369083853628155],[29.467286890338372,63.347850190031096],[29.331510721834061,63.361079280208465],[29.183069586737922,63.444137504359368],[29.106814610960324,63.449715587636248],[28.893442205049165,63.409981485667288],[28.819603648068451,63.367397683314813],[28.759525823283294,63.387808854048799],[28.666111147507486,63.423194116946178],[28.641107172948875,63.476363700426845],[28.603458533143257,63.527455576098731],[28.668509050994054,63.561205204584674],[28.606748839613051,63.57544167543201],[28.593723580780832,63.669814393072869],[28.550900085728578,63.700626129433225],[28.461227319716269,63.698608004505537],[28.359590185127935,63.754752621410425],[28.500770861386655,63.88241466812444],[28.885137055929359,63.835836978293869],[29.111890297841207,63.846352798753649],[29.158309435000994,63.847326943170486],[29.682526130556393,63.878942323840135],[29.722688837813568,63.74803148907592],[29.775689020543059,63.703356373931271]]]]}},
{"type":"Feature","properties":{"id":177,"kunta":"543","vuosi":2026,"nimi":"Nurmijärvi","namn":"Nurmijärvi","name":"Nurmijärvi"},"geometry":{"type":"MultiPolygon","coordinates":[[[[24.912163088550752,60.555624788560884],[24.974392016434045,60.520898058145285],[24.868939147944271,60.401254863464914],[24.749283198082455,60.34178329419084],[24.627693918149436,60.359241407288273],[24.524838676909475,60.476786127941203],[24.648835852293693,60.516659030043961],[24.705949498136896,60.51880126298245],[24.748157538211558,60.588870540966695],[24.835337991040905,60.546217932503637],[24.912163088550752,60.555624788560884]]]]}},
{"type":"Feature","properties":{"id":178,"kunta":"545","vuosi":2026,"nimi":"Närpiö","namn":"Närpes","name":"Närpes"},"geometry":{"type":"MultiPolygon","coordinates":[[[[21.102491875156439,62.5299001250944],[21.06464496064951,62.528202501646227],[21.048373734442109,62.535518381732047],[21.040698084365658,62.544640583393424],[21.041719998839113,62.56772513584032],[21.057251927485574,62.577838271228075],[21.075183870212637,62.575991286271929],[21.094390829227343,62.568706168046262],[21.110176704893941,62.549124618400349],[21.102491875156439,62.5299001250944]]],[[[21.523910627136772,62.76401321782258],[21.646503920566442,62.743267211786723],[21.729138310750088,62.767665482219996],[21.790967691607424,62.694224803490783],[21.662244557962101,62.640045042553957],[21.591769423554471,62.605438135683556],[21.603338423719858,62.530890239910384],[21.5541301076283,62.424298740312707],[21.322792435460908,62.318758627134727],[21.338664785050241,62.335991301884192],[21.338084899712051,62.33803707401232],[21.34866336962051,62.355833745665791],[21.336197230584631,62.364412986103773],[21.306953613090982,62.364386008645106],[21.283665659989037,62.362863705200674],[21.341725428460279,62.393456432736464],[21.253125969811283,62.426200363011702],[21.16580970350849,62.377690999264651],[21.154165330518925,62.386919993708034],[21.156293864293012,62.417697053962172],[21.169005942932607,62.449008242675319],[21.168038673005324,62.467865870495935],[21.148652504780848,62.476500943134646],[21.131621310264265,62.487932842899085],[21.134508536302828,62.502903673664655],[21.126723028676132,62.54037342567095],[21.178706084531097,62.587370112366841],[21.19034063124252,62.602703373346841],[21.190672627309624,62.614955748087681],[21.165133347481717,62.624599597681936],[21.13898417530342,62.623414383985988],[21.112326131740694,62.610053191989174],[21.094697807008203,62.609308418492816],[21.079099458306409,62.614047515999395],[21.071771731245125,62.620396515324906],[21.082191239147573,62.667008370450013],[21.086544542346061,62.676552543189352],[21.092369067127521,62.687232544064784],[21.164100943068057,62.690605472077216],[21.296557199847879,62.669039433600339],[21.374406680462901,62.757873286915526],[21.523910627136772,62.76401321782258]]]]}},
{"type":"Feature","properties":{"id":179,"kunta":"560","vuosi":2026,"nimi":"Orimattila","namn":"Orimattila","name":"Orimattila"},"geometry":{"type":"MultiPolygon","coordinates":[[[[26.139943773306577,60.907233947908765],[26.077829476919657,60.835476738076927],[26.202004579725074,60.801862554266719],[26.208360065812524,60.758017831453145],[26.208363469876613,60.75799437228644],[26.214255128727658,60.71627506795226],[26.214258429154196,60.71625173362159],[26.109239115662593,60.686376580269389],[26.027775097471277,60.716630246573985],[25.933518664118793,60.705943160709502],[25.933518644017681,60.705943214424245],[25.93350921757304,60.705958421871507],[25.914933358989874,60.735870732063503],[25.914931152114022,60.735870373003841],[25.746750479765094,60.708061448886959],[25.746747904984485,60.70806075135647],[25.610868507913022,60.671476256506111],[25.519284242909226,60.703894552006304],[25.500993223929303,60.762611455861503],[25.433299700718592,60.795448925440766],[25.402218047969747,60.854358863784149],[25.507764377154874,60.8861659657871],[25.604704520205871,60.870542039911484],[25.657510017506269,60.906439834856286],[25.728303485199252,60.934559990943505],[25.777668131410781,60.891049556499887],[25.918648296007952,60.886649021814456],[25.968264693541116,60.928497609333846],[26.050959314150703,60.893357296069013],[26.139943773306577,60.907233947908765]]]]}},
{"type":"Feature","properties":{"id":180,"kunta":"561","vuosi":2026,"nimi":"Oripää","namn":"Oripää","name":"Oripää"},"geometry":{"type":"MultiPolygon","coordinates":[[[[22.757723688882479,60.815328372562909],[22.618620230967935,60.836074190009434],[22.552462679026192,60.873570735208816],[22.602378425838157,60.92688994938397],[22.677419629541696,60.916952215634495],[22.758494940667241,60.937056691482269],[22.786352996258014,60.840972805019184],[22.757723688882479,60.815328372562909]]]]}},
{"type":"Feature","properties":{"id":181,"kunta":"562","vuosi":2026,"nimi":"Orivesi","namn":"Orivesi","name":"Orivesi"},"geometry":{"type":"MultiPolygon","coordinates":[[[[24.812033976707987,61.660023706187623],[24.828342650426599,61.553430864517637],[24.744850729799797,61.565902283363023],[24.736994639133105,61.525747707166239],[24.625636279037835,61.513741964634917],[24.348445842821185,61.555345662363941],[24.319291757828982,61.584999259473527],[24.245113418950474,61.568250229970069],[24.118516743255732,61.627191290872659],[24.090787718735882,61.79284979573162],[24.227415504168629,61.824806440867697],[24.416547512125479,61.73749549316333],[24.555393031573573,61.715538248544654],[24.666651269863564,61.862989506335268],[24.820712831511241,61.770133958885857],[24.724470398182863,61.749016468447948],[24.735950995135884,61.693762967589727],[24.812033976707987,61.660023706187623]]]]}},
{"type":"Feature","properties":{"id":182,"kunta":"563","vuosi":2026,"nimi":"Oulainen","namn":"Oulainen","name":"Oulainen"},"geometry":{"type":"MultiPolygon","coordinates":[[[[25.200173116809015,64.320939694196426],[25.198324186393815,64.290226593240575],[25.156008150235738,64.230843823188962],[24.952488290467588,64.13601788508096],[24.906373771494049,64.10945083315859],[24.582053909479697,64.186453187722009],[24.538798049462187,64.277530238552828],[24.667565358363017,64.288250698569144],[24.797150268137539,64.377530377397463],[24.877921502034877,64.391785204880804],[24.977804797985872,64.345603688866859],[25.200173116809015,64.320939694196426]]]]}},
{"type":"Feature","properties":{"id":183,"kunta":"564","vuosi":2026,"nimi":"Oulu","namn":"Uleåborg","name":"Oulu"},"geometry":{"type":"MultiPolygon","coordinates":[[[[25.256634709693113,65.098993730853621],[25.241135301659,65.091993956982719],[25.19300243750542,65.092676954598758],[25.156666293381281,65.104256655118348],[25.153009229425972,65.110940661023974],[25.152822489825091,65.113629978495226],[25.168033110438561,65.124672840939709],[25.196763292706997,65.12511093876978],[25.239405034150078,65.114941425544316],[25.256634709693113,65.098993730853621]]],[[[26.23368732155043,65.274244712309212],[26.316457609013955,65.201202960791107],[26.628615839718844,65.097048472887039],[26.610575097408901,65.053969677593813],[26.768424180898414,64.952759714574015],[26.661558341697205,64.89163549089001],[26.560452279694179,64.90694029009029],[26.499712657036948,64.85947065934495],[26.394312752497235,64.844415847495625],[26.273238691305639,64.905945513888966],[26.1755253786426,64.945583784591562],[26.050988210219405,64.977844595343612],[25.840009767432186,64.893024458185153],[25.750454476846922,64.888998221326688],[25.728301485722877,64.904455480228151],[25.61397235980769,64.941081542317789],[25.494239626433735,64.942989525926066],[25.425698479666341,64.921569136301443],[25.445094757575397,64.892389024670976],[25.38014022246232,64.886886861895718],[25.368870225975918,64.903063907180837],[25.274799110025693,64.930265318595957],[25.219379590758273,64.955901571683398],[25.198159447424391,64.984985403076749],[25.209392786844862,65.003961792527647],[25.231280891955073,65.009695467164221],[25.255162628223349,65.00853772521873],[25.284579357493737,64.999997541691613],[25.327220381309452,64.989380264647195],[25.394692887865258,64.967775784059796],[25.457947415361367,64.96690201866889],[25.476994742094167,64.967097653657603],[25.492635596349242,64.971383240894141],[25.495054727928402,64.98486445888183],[25.416275527013752,65.016256793320608],[25.409382628086764,65.021566410335993],[25.38338673636089,65.072424620533582],[25.377850647650639,65.083040702087999],[25.374470100969383,65.089642881872038],[25.348681298329286,65.110981962602679],[25.315318939542372,65.12675936265947],[25.269880488925054,65.134226619146474],[25.243586951130947,65.141905770930123],[25.226321258494465,65.157851785999682],[25.231819460305005,65.171374311056496],[25.256607325367501,65.183865717681684],[25.284058462548298,65.201766179151278],[25.286129822838333,65.219284317954816],[25.278895215489879,65.228621779516743],[25.280665356894989,65.251980292950577],[25.319454962566496,65.262628670669443],[25.552428674907532,65.252918232389419],[25.660160002894749,65.240415940664604],[25.736547351279018,65.269364658287529],[25.612676041604246,65.349956415497417],[25.646924934244677,65.378562605178701],[25.789125250476243,65.550291412081208],[26.155645242500626,65.555211461505465],[26.153319056800001,65.419077232429032],[26.426655169403361,65.347195181926423],[26.23368732155043,65.274244712309212]]]]}},
{"type":"Feature","properties":{"id":184,"kunta":"576","vuosi":2026,"nimi":"Padasjoki","namn":"Padasjoki","name":"Padasjoki"},"geometry":{"type":"MultiPolygon","coordinates":[[[[25.545158601784749,61.329175868475339],[25.51719366021441,61.304110051636009],[25.415679175420781,61.312290677719652],[25.347885359636507,61.249103852141666],[25.202823735285545,61.240938462597136],[25.029382147583899,61.246153274156015],[24.991104672974831,61.275325420192651],[24.951791144030796,61.29310366512712],[24.913942605527314,61.324881259995692],[24.859952702740166,61.475977768293021],[24.970480582721905,61.450703815640054],[25.437427145201788,61.486906148111778],[25.490604550835457,61.438276958628691],[25.471203909296133,61.404640902487273],[25.545158601784749,61.329175868475339]]]]}},
{"type":"Feature","properties":{"id":185,"kunta":"577","vuosi":2026,"nimi":"Paimio","namn":"Pemar","name":"Paimio"},"geometry":{"type":"MultiPolygon","coordinates":[[[[22.828917879418242,60.52435674162323],[22.846004877125786,60.510882942314659],[22.875913678615472,60.445269107328492],[22.818931763176654,60.372921425745965],[22.60748032745709,60.381843370932984],[22.578785065900107,60.495074113699708],[22.699272607096173,60.545696974784924],[22.828917879418242,60.52435674162323]]]]}},
{"type":"Feature","properties":{"id":186,"kunta":"578","vuosi":2026,"nimi":"Paltamo","namn":"Paltamo","name":"Paltamo"},"geometry":{"type":"MultiPolygon","coordinates":[[[[28.46304120259606,64.375248538625371],[28.132838890178608,64.317145038313683],[27.792932764751832,64.365170117025329],[27.427016363595705,64.292890609001418],[27.187766414503884,64.310323814124615],[27.251233684887492,64.399045617046283],[27.185076639379218,64.455890118899774],[27.396980797669617,64.571884626948716],[27.534724810347512,64.50259046702898],[27.755494147151641,64.529352988024371],[27.870479751580739,64.577303650372116],[28.026143139310417,64.552423746806753],[28.079059004947112,64.469783388630788],[28.46304120259606,64.375248538625371]]]]}},
{"type":"Feature","properties":{"id":187,"kunta":"580","vuosi":2026,"nimi":"Parikkala","namn":"Parikkala","name":"Parikkala"},"geometry":{"type":"MultiPolygon","coordinates":[[[[29.444305250233128,61.424473719774774],[29.364553266789763,61.490655477484815],[29.236422970259955,61.520213371367944],[29.261568006768051,61.557769489709287],[29.311391988877503,61.608767955611896],[29.40419875088832,61.653868037340523],[29.538346869889988,61.68389441091125],[29.55927163880596,61.722072804509921],[30.082417589883541,61.853209043471274],[30.143957436083824,61.852242214888136],[30.071296405696636,61.818917025037749],[30.038102649202369,61.765397603849912],[29.818678045871337,61.655172892109874],[29.810282037849891,61.635557920158462],[29.754638969478123,61.603100156421554],[29.740536886244652,61.5757552994869],[29.643206883383911,61.526096021487405],[29.591672208850781,61.495566192870164],[29.496246712931356,61.491899416317551],[29.503100394831019,61.461277376603235],[29.444305250233128,61.424473719774774]]]]}},
{"type":"Feature","properties":{"id":188,"kunta":"581","vuosi":2026,"nimi":"Parkano","namn":"Parkano","name":"Parkano"},"geometry":{"type":"MultiPolygon","coordinates":[[[[23.295208395270745,62.082944076484495],[23.365385256809159,62.071290072218517],[23.310840309769425,61.949515512543186],[23.310086523006539,61.90175929416408],[23.149405339298454,61.896599982531839],[23.116764704789205,61.939622994722114],[22.964666298745442,61.912997236502967],[22.951782250845607,61.97158506351191],[22.813748315789514,61.958056065334866],[22.738728762761287,61.910643828353422],[22.646643462232735,61.952107505547026],[22.522595370114075,61.998105847734536],[22.780240238328659,62.060723615889877],[22.770893533541688,62.154394570423278],[22.861626435080534,62.172556003238242],[22.831252263740762,62.270883649430338],[22.994363772533539,62.288904016079151],[23.141110853790977,62.082665108116913],[23.295208395270745,62.082944076484495]]]]}},
{"type":"Feature","properties":{"id":189,"kunta":"583","vuosi":2026,"nimi":"Pelkosenniemi","namn":"Pelkosenniemi","name":"Pelkosenniemi"},"geometry":{"type":"MultiPolygon","coordinates":[[[[28.359828388661533,67.108113025938493],[28.084537534133542,67.039172395712612],[27.956478473715642,67.029543330747686],[27.881602148837487,66.885909846740702],[27.685151890928847,66.978880063883537],[27.584586588026326,67.007157208400599],[27.148175068828294,67.013814749971843],[26.517973570017947,66.942924249850208],[26.760869252935581,67.052327413440977],[27.019580660024733,67.16709309414118],[27.086475298712571,67.337711304805552],[27.252690861230633,67.363188022955654],[27.221898834654876,67.425300122301536],[27.76990197569166,67.304386904661058],[27.875761620548261,67.175444601578917],[28.040696319140771,67.171969183896607],[28.359828388661533,67.108113025938493]]]]}},
{"type":"Feature","properties":{"id":190,"kunta":"584","vuosi":2026,"nimi":"Perho","namn":"Perho","name":"Perho"},"geometry":{"type":"MultiPolygon","coordinates":[[[[24.772920967193389,63.358684116119584],[24.803602643318431,63.275930507600009],[24.754167639374451,63.265918678806038],[24.772883156818185,63.133363611598881],[24.530751179343195,63.157480591918414],[24.359007626170435,63.116429509386947],[24.170771051136249,63.14799834181121],[24.234480906666409,63.170698826009158],[24.05202781695181,63.258144962415237],[24.164628733416375,63.331917658498789],[24.369249746883487,63.337006901981312],[24.405685594461172,63.372141154002811],[24.486180667270499,63.375204489733278],[24.57275793823106,63.392232652010044],[24.772920967193389,63.358684116119584]]]]}},
{"type":"Feature","properties":{"id":191,"kunta":"592","vuosi":2026,"nimi":"Petäjävesi","namn":"Petäjävesi","name":"Petäjävesi"},"geometry":{"type":"MultiPolygon","coordinates":[[[[25.28541089203576,62.389180684528995],[25.299929903723822,62.355801844982146],[25.408210587509842,62.340437856735491],[25.469887648976886,62.32448548412372],[25.285212598745971,62.152362155483175],[25.118260964064987,62.163791673648305],[24.968808154787048,62.210801236536383],[25.071853945738436,62.238025385792582],[25.068965728195295,62.332059854261736],[25.030050005891777,62.367204172150487],[25.124827489330652,62.42702205842631],[25.28541089203576,62.389180684528995]]]]}},
{"type":"Feature","properties":{"id":192,"kunta":"593","vuosi":2026,"nimi":"Pieksämäki","namn":"Pieksämäki","name":"Pieksämäki"},"geometry":{"type":"MultiPolygon","coordinates":[[[[27.691911101735322,62.374759485140274],[27.631887058689834,62.282963078750868],[27.531604815301499,62.268127494268981],[27.548908145891637,62.209869000521344],[27.566164121926622,62.147642354747319],[27.630933907071096,62.150206871897133],[27.65308048968825,62.027765182157871],[27.464363792346749,62.03486090026864],[27.392461755128146,62.005862094873173],[27.135460371721177,62.199156384224167],[26.987118827461988,62.181898758375617],[26.944226068945071,62.142484786568531],[26.85273803949617,62.12890094706502],[26.697861310826909,62.212443478517685],[26.71858018526488,62.257034480952825],[26.683160555570272,62.307726352616143],[26.669044203079974,62.34186156572634],[26.776124783540528,62.354110241587485],[26.680533003448588,62.403822871839445],[26.709125304676867,62.452947916712965],[26.789853989415175,62.448809165706166],[26.87947801418473,62.485512647580393],[26.949173798577657,62.476425955135014],[27.053049251302124,62.47985859411687],[27.116139922577098,62.484970568812294],[27.190200210387918,62.460854990059858],[27.224906049259296,62.480036460907279],[27.342704788456029,62.503482523604738],[27.408508822240975,62.503886123995557],[27.691911101735322,62.374759485140274]]]]}},
{"type":"Feature","properties":{"id":193,"kunta":"595","vuosi":2026,"nimi":"Pielavesi","namn":"Pielavesi","name":"Pielavesi"},"geometry":{"type":"MultiPolygon","coordinates":[[[[27.136988520460591,63.321224102174895],[27.123779539089742,63.255155005277011],[27.045551115843331,63.239772588640264],[27.049162336856501,63.193182330090117],[27.021238378646686,63.142770150154902],[26.956616550521158,63.11769253710554],[26.876453280635999,63.080036986027977],[26.60684031894035,63.042070938214337],[26.493426492708132,63.112126518410534],[26.419250013990037,63.260387882897874],[26.176711920223674,63.438861608156188],[26.167025076189145,63.455330898096591],[26.165383150806399,63.480861929368999],[26.361651225483978,63.477787277883358],[26.462370240204724,63.443425156437279],[26.562612722227723,63.450422196252141],[26.693504924515775,63.443510730282703],[26.7708140398843,63.461703580405668],[26.824552515136173,63.516407841714852],[27.019779963315319,63.329627933511723],[27.136988520460591,63.321224102174895]]]]}},
{"type":"Feature","properties":{"id":194,"kunta":"598","vuosi":2026,"nimi":"Pietarsaari","namn":"Jakobstad","name":"Jakobstad"},"geometry":{"type":"MultiPolygon","coordinates":[[[[22.7862378657505,63.695066542328149],[22.733460305852581,63.666346560948654],[22.539402609208139,63.61076118937607],[22.492480384436266,63.623392633965338],[22.502706029002109,63.630785981388833],[22.502025685292427,63.635078738694524],[22.501430193010407,63.638834895969076],[22.515229735897002,63.647445464241329],[22.551717587537574,63.666195812160048],[22.605427500146114,63.673420997253906],[22.613868220511964,63.677723014262469],[22.61403578328342,63.682392288396947],[22.614403354125162,63.692567592666641],[22.621591784920938,63.705008723669025],[22.643502476150179,63.715288982411536],[22.658140231055253,63.72103719986216],[22.7862378657505,63.695066542328149]]]]}},
{"type":"Feature","properties":{"id":195,"kunta":"599","vuosi":2026,"nimi":"Pedersören kunta","namn":"Pedersöre","name":"Pedersöre"},"geometry":{"type":"MultiPolygon","coordinates":[[[[23.392888588997,63.498046661618773],[23.264637229412564,63.470055629335242],[23.207039643760091,63.398961427147817],[23.103957953315764,63.357988121106651],[22.971599682258574,63.372265635902188],[22.877219430179938,63.391709195156359],[22.833946877164319,63.473738711658591],[22.842825548224258,63.506052054665574],[22.539402609208139,63.61076118937607],[22.733460305852581,63.666346560948654],[22.7862378657505,63.695066542328149],[22.829676855632925,63.735911217042677],[22.937002718232993,63.675724986405129],[23.163086411471461,63.638041451812526],[23.392888588997,63.498046661618773]]]]}},
{"type":"Feature","properties":{"id":196,"kunta":"601","vuosi":2026,"nimi":"Pihtipudas","namn":"Pihtipudas","name":"Pihtipudas"},"geometry":{"type":"MultiPolygon","coordinates":[[[[25.348044182597246,63.581480102415846],[25.482407713227023,63.532580615797293],[25.774502784469256,63.505684586919159],[25.892813201796226,63.439651235674525],[25.994589831483705,63.429120372836316],[26.167025076189145,63.455330898096591],[26.176711920223674,63.438861608156188],[26.07054060654821,63.354779741956307],[26.12881145620074,63.330200742681825],[26.141890947241745,63.274704395776311],[26.023508765781237,63.289830672422625],[25.869347200820492,63.27445460476752],[25.697293682931495,63.281234382572592],[25.647289431939281,63.245630811913827],[25.333469424013501,63.284312299697405],[25.081871553933958,63.467168186217158],[25.140111761023764,63.574314570581841],[25.245179886084756,63.610276061707161],[25.348044182597246,63.581480102415846]]]]}},
{"type":"Feature","properties":{"id":197,"kunta":"604","vuosi":2026,"nimi":"Pirkkala","namn":"Birkala","name":"Pirkkala"},"geometry":{"type":"MultiPolygon","coordinates":[[[[23.741124412235571,61.432161561894645],[23.591514238221972,61.403861258543216],[23.548336625494265,61.358298704453702],[23.477621428456288,61.396825487405003],[23.546201449983631,61.469548379972395],[23.613138048482465,61.4777920243815],[23.725645111538959,61.484092041333604],[23.741124412235571,61.432161561894645]]]]}},
{"type":"Feature","properties":{"id":198,"kunta":"607","vuosi":2026,"nimi":"Polvijärvi","namn":"Polvijärvi","name":"Polvijärvi"},"geometry":{"type":"MultiPolygon","coordinates":[[[[29.605672310903564,62.968487228913943],[29.667767462752632,62.904478583789874],[29.663291800548372,62.865748851638962],[29.723254707102271,62.847024067586645],[29.647924078474801,62.806761178824289],[29.56322654727159,62.793229707136327],[29.584799067008561,62.72146550680818],[29.474182747509982,62.722347046919403],[29.398842054239545,62.680853565956113],[29.303956762760894,62.717956052948338],[29.244641892041155,62.796884701977596],[29.097602163514782,62.845589545365854],[28.973226643320199,62.910805459014021],[28.971774147030043,62.958758829649724],[29.064838655012586,62.986573311279273],[29.127455807600761,62.990001201875138],[29.148704118085583,63.029897117045451],[29.355171495724676,63.054563908136579],[29.41611244890246,63.106987218776567],[29.497626538892554,63.061827383368772],[29.52672081761321,63.008955216634106],[29.605672310903564,62.968487228913943]]]]}},
{"type":"Feature","properties":{"id":199,"kunta":"608","vuosi":2026,"nimi":"Pomarkku","namn":"Påmark","name":"Pomarkku"},"geometry":{"type":"MultiPolygon","coordinates":[[[[22.382677394698806,61.709363370905287],[22.333882828224318,61.70466381993311],[22.232937846358347,61.694467873129355],[22.217013513442772,61.651849220619788],[22.034339199758335,61.615010290781179],[21.851516889140822,61.681576941023984],[21.728052101785316,61.747920241548712],[21.976114358925816,61.767085401475271],[22.039920320559567,61.746692604515928],[22.087520578094274,61.782659356393168],[22.163665878275836,61.772257059206105],[22.191712652052779,61.740817800224953],[22.298418178051314,61.756781670885424],[22.382677394698806,61.709363370905287]]]]}},
{"type":"Feature","properties":{"id":200,"kunta":"609","vuosi":2026,"nimi":"Pori","namn":"Björneborg","name":"Pori"},"geometry":{"type":"MultiPolygon","coordinates":[[[[21.487417041810961,61.604464491868079],[21.434059285501807,61.600766788166716],[21.403081543734892,61.614343416329945],[21.388737684564912,61.62985880312457],[21.417991808834074,61.640595982716015],[21.420752129151481,61.673457699082256],[21.427913321212696,61.6788783636649],[21.436355883150327,61.679312585964169],[21.454666940823383,61.673309946191694],[21.474411057901793,61.659266242038598],[21.505626894388389,61.644423125587373],[21.522038344178984,61.632938259559111],[21.52483842268639,61.618207182495716],[21.509395974469321,61.609399768926743],[21.487417041810961,61.604464491868079]]],[[[21.851516889140822,61.681576941023984],[22.034339199758335,61.615010290781179],[22.217013513442772,61.651849220619788],[22.232937846358347,61.694467873129355],[22.333882828224318,61.70466381993311],[22.382677394698806,61.709363370905287],[22.556169269482325,61.686066742696042],[22.647174002526185,61.696501265580395],[22.689524362581192,61.674936842283621],[22.724929966175313,61.644961304584349],[22.704272560289773,61.623874094433475],[22.696052060457458,61.599764320682254],[22.582482450749726,61.54830606453541],[22.43416186190581,61.488922672757191],[22.241986788557099,61.572182435970525],[22.097050723984967,61.573250509230924],[21.935523164203094,61.535330723781563],[21.884117783996153,61.503815739837847],[21.803713056037974,61.385145669372911],[21.713247587894237,61.389872736286463],[21.658125331968076,61.423626148608001],[21.582270824160013,61.417473383545278],[21.527210819223242,61.442432262807735],[21.537368548885365,61.442388806185114],[21.551658182190153,61.442333034901154],[21.579833218917091,61.443460238771202],[21.587515801128045,61.447904532493595],[21.57916342021073,61.462414293596886],[21.551018919431499,61.476041866518649],[21.519035809085171,61.481413113625514],[21.483152373597715,61.490667315618524],[21.463762130553192,61.503374023742296],[21.462806530971719,61.508733071742789],[21.472576673482202,61.517317262756592],[21.500612966255737,61.518543377365951],[21.566165976945115,61.502375993600495],[21.596997907812,61.503694153736198],[21.601908093677018,61.507937048296988],[21.591205816476482,61.519655905838363],[21.540745507163997,61.532394024148431],[21.52278845889645,61.551913742186933],[21.495390365405012,61.577707810102204],[21.496092085525799,61.588621681219045],[21.508486104758564,61.598567692764036],[21.531159440025778,61.599569210336938],[21.609968659159648,61.573203206186626],[21.630341809324946,61.569959832091023],[21.655578719979751,61.572391370782206],[21.650496948968605,61.584335231115759],[21.583677865401203,61.638277975254894],[21.567286014763173,61.64977047048589],[21.552754033246302,61.666733057820245],[21.552308417122514,61.684257126870854],[21.543755323301454,61.730424441677016],[21.536697521574062,61.73744104662628],[21.728052101785316,61.747920241548712],[21.851516889140822,61.681576941023984]]]]}},
{"type":"Feature","properties":{"id":201,"kunta":"611","vuosi":2026,"nimi":"Pornainen","namn":"Borgnäs","name":"Pornainen"},"geometry":{"type":"MultiPolygon","coordinates":[[[[25.415492397092699,60.54154417236461],[25.431476075856995,60.482940916464912],[25.49931836475643,60.453853156090098],[25.510196246945767,60.439794012764452],[25.461157529970148,60.419540515748807],[25.363440796202013,60.406097895479505],[25.224187585751427,60.501631092847951],[25.204086670481704,60.524854117787349],[25.241478777573693,60.537995501748412],[25.393388728832214,60.551206496042546],[25.415492397092699,60.54154417236461]]]]}},
{"type":"Feature","properties":{"id":202,"kunta":"614","vuosi":2026,"nimi":"Posio","namn":"Posio","name":"Posio"},"geometry":{"type":"MultiPolygon","coordinates":[[[[28.695312032584138,66.485853241765781],[28.538087470805714,66.33261019170088],[28.59299809674874,66.267883770732325],[28.749659454165339,66.254482930882929],[28.715761749118908,66.135907873645522],[28.604163409966475,66.12816250394917],[28.62480534360089,66.070904532251319],[28.764239836712786,66.043344808060624],[28.747263998912164,66.001807946807702],[28.651970996483744,65.986890301777336],[28.544104758720707,66.008955179623328],[28.390259248597214,65.996295836522521],[28.372170971763051,65.960218839640916],[28.508768205522312,65.889780562997842],[28.513195686415777,65.846207534185751],[28.223498660237638,65.800594897331422],[27.761099536212388,65.827318060919794],[27.654874040219632,65.960359610912306],[27.526105874508403,65.921613342177196],[27.407421691198259,65.938403908717802],[27.457658863985955,65.969960523624351],[27.469198266832514,66.103774025021195],[27.272786615698781,66.142834514909808],[27.260037143380494,66.198255517265579],[27.261181317842528,66.256485969980332],[27.249848796073394,66.331992937153004],[27.414663220564858,66.289067655748838],[27.595963565274751,66.40094267187709],[27.792954315604508,66.432183437105337],[27.981952494622877,66.419403003605524],[28.138619593378355,66.431863519336162],[28.223972113990769,66.417859814831772],[28.396406746549413,66.492254163690461],[28.695312032584138,66.485853241765781]]]]}},
{"type":"Feature","properties":{"id":270,"kunta":"845","vuosi":2026,"nimi":"Tervola","namn":"Tervola","name":"Tervola"},"geometry":{"type":"MultiPolygon","coordinates":[[[[26.067324370512281,66.159127322318952],[25.763868191314074,66.089043699958268],[25.544903704567592,66.11623893050988],[25.449618133465652,66.087912227449948],[25.225674784287492,65.961531366368774],[25.040046836038243,65.974697598984662],[24.714162118865591,65.962417732126184],[24.509555704001148,66.030442882554922],[24.494078330206886,66.185763540313374],[24.791824681838154,66.332235707644656],[25.339325948516837,66.209816580531992],[25.774632230135644,66.213790999384713],[26.067324370512281,66.159127322318952]]]]}},
{"type":"Feature","properties":{"id":203,"kunta":"615","vuosi":2026,"nimi":"Pudasjärvi","namn":"Pudasjärvi","name":"Pudasjärvi"},"geometry":{"type":"MultiPolygon","coordinates":[[[[27.761099536212388,65.827318060919794],[27.712540011973267,65.780770100421663],[27.824123684021913,65.653585211876617],[27.776988183900162,65.507352036046257],[27.865997282485594,65.408495440670137],[27.982626598109849,65.403241322872361],[28.13943068956798,65.337003994668208],[28.162380222987004,65.250348676914768],[27.995641939579269,65.2211973002657],[27.894273850499669,65.09146898057115],[27.667006401215257,65.121314171663258],[27.544016892698945,65.089371097215917],[27.32988377601901,65.090660183547456],[27.004694340540642,65.106824088681918],[26.628615839718844,65.097048472887039],[26.316457609013955,65.201202960791107],[26.23368732155043,65.274244712309212],[26.426655169403361,65.347195181926423],[26.153319056800001,65.419077232429032],[26.155645242500626,65.555211461505465],[26.158233713785918,65.725555482771483],[26.824704184139904,65.701145060434442],[27.071978624620762,65.729771060917486],[27.407421691198259,65.938403908717802],[27.526105874508403,65.921613342177196],[27.654874040219632,65.960359610912306],[27.761099536212388,65.827318060919794]]]]}},
{"type":"Feature","properties":{"id":204,"kunta":"616","vuosi":2026,"nimi":"Pukkila","namn":"Pukkila","name":"Pukkila"},"geometry":{"type":"MultiPolygon","coordinates":[[[[25.65964655260855,60.613875225767643],[25.659644177326637,60.61387522890606],[25.575644581087943,60.613806507811105],[25.516227783773456,60.579859897024953],[25.442349224532045,60.636728687832345],[25.425288589738241,60.663196225277566],[25.471161519939187,60.692302213460344],[25.519284242909226,60.703894552006304],[25.610868507913022,60.671476256506111],[25.746747904984485,60.70806075135647],[25.746750479765094,60.708061448886959],[25.734213346610428,60.657430868427923],[25.65964655260855,60.613875225767643]]]]}},
{"type":"Feature","properties":{"id":205,"kunta":"619","vuosi":2026,"nimi":"Punkalaidun","namn":"Punkalaidun","name":"Punkalaidun"},"geometry":{"type":"MultiPolygon","coordinates":[[[[23.259984769272666,61.018553975595403],[23.195365933675728,61.001219806467482],[23.148076391037968,61.03141127316335],[22.968504590945894,61.043254359668047],[22.993958190000075,61.07865254427071],[22.924181066945714,61.141993462958048],[22.934220208943298,61.204976340799909],[23.005476626480469,61.185553977474946],[23.272881390527264,61.221125340167781],[23.257756160578367,61.18255211524049],[23.383360162406181,61.130765648393933],[23.252674693026279,61.104605008261736],[23.288112427853349,61.057582273887462],[23.259984769272666,61.018553975595403]]]]}},
{"type":"Feature","properties":{"id":206,"kunta":"620","vuosi":2026,"nimi":"Puolanka","namn":"Puolanka","name":"Puolanka"},"geometry":{"type":"MultiPolygon","coordinates":[[[[28.294301348805075,64.898374908762818],[28.147971944400069,64.808207251707614],[28.056013960415068,64.808573450994615],[28.074326976875518,64.632877049000612],[27.870479751580739,64.577303650372116],[27.755494147151641,64.529352988024371],[27.534724810347512,64.50259046702898],[27.396980797669617,64.571884626948716],[27.308024233840857,64.616034509976728],[27.239627670995493,64.70034657044242],[27.253566596216629,64.735590449158082],[27.1480915280133,64.835287376675026],[27.354356388140321,64.81198893412801],[27.402639603545794,64.855246034804708],[27.385751536524925,64.959014575183218],[27.262503917570246,65.027339860255651],[27.32988377601901,65.090660183547456],[27.544016892698945,65.089371097215917],[27.667006401215257,65.121314171663258],[27.894273850499669,65.09146898057115],[27.995641939579269,65.2211973002657],[28.198542179763198,65.204660517817743],[28.220063894418853,65.15751437204797],[28.128863195614109,65.07704891308282],[28.260889269353463,65.006738330688677],[28.294301348805075,64.898374908762818]]]]}},
{"type":"Feature","properties":{"id":207,"kunta":"623","vuosi":2026,"nimi":"Puumala","namn":"Puumala","name":"Puumala"},"geometry":{"type":"MultiPolygon","coordinates":[[[[28.811777685916105,61.535776930075833],[28.791440521737023,61.477757666371538],[28.684190075443755,61.476742463397493],[28.543325832118576,61.476011394728879],[28.440056707512198,61.511550164388446],[28.426620290435469,61.456844039685379],[28.252197920459253,61.379686546155909],[27.931155283097844,61.350392899626108],[27.792606510919967,61.362078407547813],[27.749400149402035,61.369567236979009],[27.678792070507011,61.406083503196619],[27.759699143302306,61.435158760763208],[27.740914128045286,61.468174584757371],[27.810532870828897,61.499708438681523],[27.900382419290185,61.545595533291845],[27.969343494951211,61.604556327059413],[27.98077603817379,61.655940612866701],[28.120439140337187,61.618921426415696],[28.124158156188621,61.667870791852884],[28.176055089453371,61.71694120117391],[28.23487529218983,61.681660103124415],[28.392314097496456,61.668959201698854],[28.45830375866333,61.611017942677577],[28.571902375859921,61.599788342004473],[28.811777685916105,61.535776930075833]]]]}},
{"type":"Feature","properties":{"id":208,"kunta":"624","vuosi":2026,"nimi":"Pyhtää","namn":"Pyttis","name":"Pyhtää"},"geometry":{"type":"MultiPolygon","coordinates":[[[[26.815125454530904,60.341167647535023],[26.787964415422,60.341037308891011],[26.752402638864943,60.350310015798961],[26.744007390855685,60.358371798029829],[26.746672691644413,60.365108305231871],[26.792768886451903,60.382869257216498],[26.822932089417861,60.370796398606771],[26.831338924216716,60.357344577748187],[26.828663865024659,60.349263485552761],[26.815125454530904,60.341167647535023]]],[[[26.642219046575963,60.404987452444061],[26.596913664319924,60.386009976230731],[26.576554224364969,60.389895843027688],[26.545374207558552,60.401999310930201],[26.565506701908053,60.415978154228185],[26.579219853453818,60.422215092034591],[26.614077476176089,60.437219470892188],[26.652396081669078,60.437414751846482],[26.674450952033354,60.429482626874851],[26.677489478483174,60.416027302587523],[26.642219046575963,60.404987452444061]]],[[[26.839680469480509,60.474859336243412],[26.841894499842194,60.457947094030239],[26.827136050638547,60.466566245211176],[26.807852425442675,60.469142573889833],[26.783337760797245,60.465066176722353],[26.74259109699814,60.445966501697143],[26.693362338757229,60.445772492270976],[26.646488095552066,60.462978302686388],[26.624496015966379,60.462918141553949],[26.589226883415055,60.449171863614829],[26.548169823335417,60.448949194404889],[26.520592737885877,60.446339760839336],[26.505213348941755,60.442244684955249],[26.487973151657577,60.437433151285177],[26.48567213688472,60.447615603915708],[26.447839519903198,60.492418977620055],[26.511203000903119,60.527314053858525],[26.500613764332993,60.545441278345265],[26.544292154189986,60.554906540423197],[26.541783796221424,60.575006455494481],[26.597278764294064,60.641410454424587],[26.682763889320867,60.649293628258107],[26.753882629017475,60.575709731647471],[26.839680469480509,60.474859336243412]]]]}},
{"type":"Feature","properties":{"id":209,"kunta":"625","vuosi":2026,"nimi":"Pyhäjoki","namn":"Pyhäjoki","name":"Pyhäjoki"},"geometry":{"type":"MultiPolygon","coordinates":[[[[24.877921502034877,64.391785204880804],[24.797150268137539,64.377530377397463],[24.68520822980976,64.374750506220124],[24.469980939133496,64.385780712657592],[24.371450897218004,64.361499498110021],[24.264593123129135,64.31210613135147],[23.984469053946736,64.377015120636756],[24.014159213853812,64.403470114296894],[24.146995061813659,64.471195269342076],[24.255785520906372,64.508632682688543],[24.263049596555131,64.527618025193433],[24.267521303247005,64.530842736157595],[24.296677727088952,64.541408385018499],[24.7008024066694,64.481457153726069],[24.877921502034877,64.391785204880804]]]]}},
{"type":"Feature","properties":{"id":210,"kunta":"626","vuosi":2026,"nimi":"Pyhäjärvi","namn":"Pyhäjärvi","name":"Pyhäjärvi"},"geometry":{"type":"MultiPolygon","coordinates":[[[[26.243438285925539,63.841035480089595],[26.291803744852306,63.58994769148137],[26.195212388390377,63.569302754322806],[26.165383150806399,63.480861929368999],[26.167025076189145,63.455330898096591],[25.994589831483705,63.429120372836316],[25.892813201796226,63.439651235674525],[25.774502784469256,63.505684586919159],[25.482407713227023,63.532580615797293],[25.348044182597246,63.581480102415846],[25.408285938111078,63.620177864859123],[25.561452743577863,63.645082054326345],[25.661957745037807,63.799771862917979],[26.250852851252972,63.926376385235734],[26.243438285925539,63.841035480089595]]]]}},
{"type":"Feature","properties":{"id":211,"kunta":"630","vuosi":2026,"nimi":"Pyhäntä","namn":"Pyhäntä","name":"Pyhäntä"},"geometry":{"type":"MultiPolygon","coordinates":[[[[26.770870945470062,64.216023506568234],[26.781108999649483,64.05710016387529],[26.87040219452475,64.036973832833311],[26.559394743141002,63.963688067709896],[26.243438285925539,63.841035480089595],[26.250852851252972,63.926376385235734],[26.188824130673517,63.995108109668067],[26.226985629514562,64.090639423661557],[26.142274271083572,64.135590960199963],[26.292369944596413,64.160656255208821],[26.321923510188221,64.200636387773855],[26.397395441501448,64.228896662215277],[26.770870945470062,64.216023506568234]]]]}},
{"type":"Feature","properties":{"id":212,"kunta":"631","vuosi":2026,"nimi":"Pyhäranta","namn":"Pyhäranta","name":"Pyhäranta"},"geometry":{"type":"MultiPolygon","coordinates":[[[[21.665592349173554,60.996332237311449],[21.59176480747993,60.95055907804992],[21.512703250263161,60.964344557038849],[21.505549692763115,60.883510302327629],[21.433818272999702,60.878998191274832],[21.403036401445412,60.922459770898342],[21.412309022133524,60.945851360518525],[21.413044855022275,60.945553870368748],[21.421308061188984,60.945897331205892],[21.428616206965462,60.951688785261311],[21.419863315095224,60.968869603974589],[21.351302381274429,61.007753620377322],[21.304116966330838,61.065059803622468],[21.304509114129306,61.077313583493002],[21.317131407939069,61.084595116518784],[21.327714519293114,61.087740476196643],[21.340482950668971,61.088943661271131],[21.461032256780239,61.016603846271686],[21.552067850023395,61.020342297135137],[21.621163995173955,61.05178976326934],[21.665592349173554,60.996332237311449]]]]}},
{"type":"Feature","properties":{"id":213,"kunta":"635","vuosi":2026,"nimi":"Pälkäne","namn":"Pälkäne","name":"Pälkäne"},"geometry":{"type":"MultiPolygon","coordinates":[[[[24.859952702740166,61.475977768293021],[24.913942605527314,61.324881259995692],[24.825750216101031,61.275925183175545],[24.731737449950757,61.317455871376254],[24.708320385244615,61.27239892676937],[24.573676705975242,61.303937422182337],[24.302385246570584,61.233216077424181],[24.08839845927173,61.291130844464881],[24.079139117941732,61.330483628053841],[24.286852594473547,61.400087343134345],[24.281979065099122,61.438131528737102],[24.449114007257229,61.414435924497695],[24.729095877341503,61.445853764451897],[24.781801392839245,61.491006717492525],[24.859952702740166,61.475977768293021]]]]}},
{"type":"Feature","properties":{"id":214,"kunta":"636","vuosi":2026,"nimi":"Pöytyä","namn":"Pöytyä","name":"Pöytyä"},"geometry":{"type":"MultiPolygon","coordinates":[[[[22.602378425838157,60.92688994938397],[22.552462679026192,60.873570735208816],[22.618620230967935,60.836074190009434],[22.757723688882479,60.815328372562909],[22.938445126355859,60.715673779598447],[22.854683959216334,60.629263458376677],[22.68211715311006,60.63955973333853],[22.561219931369887,60.666699674578965],[22.415003582268326,60.737293601325753],[22.22208128045029,60.807938222398057],[22.160313628969117,60.872005743302161],[22.263631914334141,60.926863484976856],[22.586239535982578,60.938790284838646],[22.602378425838157,60.92688994938397]]]]}},
{"type":"Feature","properties":{"id":215,"kunta":"638","vuosi":2026,"nimi":"Porvoo","namn":"Borgå","name":"Porvoo"},"geometry":{"type":"MultiPolygon","coordinates":[[[[25.951085456728169,60.197033630807468],[25.921523469761397,60.191320965149721],[25.850840702637804,60.191804203958633],[25.828746497783765,60.199689525819274],[25.825946383427326,60.20235765830629],[25.828086085499358,60.213148169716625],[25.846545351038923,60.226864175818392],[25.87874070959958,60.235308559108184],[25.905897582083533,60.238317890864138],[25.946899268863241,60.232007334102505],[25.964222638998272,60.209254677188994],[25.951085456728169,60.197033630807468]]],[[[25.563198798225727,60.189904589639021],[25.533472026559007,60.185449663169727],[25.519660977542596,60.191939037844151],[25.511089923344542,60.217965837895441],[25.524929142472274,60.243255643620088],[25.538161120932376,60.25022443699104],[25.554588332144991,60.250404362281984],[25.571241850613063,60.241248888661069],[25.573128745089583,60.206170075199026],[25.563198798225727,60.189904589639021]]],[[[25.660344118104387,60.199270252097072],[25.630607402152858,60.198876670749129],[25.616342176761705,60.212193599487563],[25.611721258178846,60.248949661955002],[25.606551168540751,60.260116292787707],[25.598329884049033,60.274930977442146],[25.598103857792406,60.297100861967579],[25.611451108019374,60.306486920719131],[25.627963521063432,60.305311971807285],[25.656882514117786,60.270688813474735],[25.679336873291565,60.256102829106574],[25.685420035359929,60.244044927591119],[25.683487394763155,60.229214494840917],[25.670832270276094,60.207454752250179],[25.660344118104387,60.199270252097072]]],[[[25.801002353387826,60.486903940900298],[25.946791013935439,60.408079277241697],[25.927298563277265,60.32817284276431],[25.915627781045799,60.331667691653394],[25.902234169390074,60.32617214478838],[25.894820962964022,60.309864033831701],[25.911904233870782,60.291245041052157],[25.924173607689848,60.25903109391826],[25.91889198082216,60.254859172648707],[25.905213684457706,60.253400636620171],[25.874504465226998,60.274596829035197],[25.852642833887128,60.274409729057055],[25.841948396058182,60.270187834252937],[25.810119419015361,60.250966458954366],[25.774967856500556,60.249210443548044],[25.752666502681915,60.261031070158801],[25.705514002889963,60.279340411663469],[25.68260352004101,60.300658618729848],[25.673413251815969,60.322110655458033],[25.664650909807836,60.332794650403542],[25.650854963289298,60.338041240915757],[25.628900065979035,60.339073361340986],[25.612784046324883,60.334776991334714],[25.566455289783566,60.33419574978457],[25.556135498970139,60.321875819501962],[25.550891118189238,60.293183091645396],[25.538200926664992,60.281733347652576],[25.530596299309408,60.277968946818838],[25.524590967288699,60.27485025200744],[25.514469003853279,60.271215230603225],[25.465911049702665,60.294419203253099],[25.365168772403045,60.375547373125762],[25.363440796202013,60.406097895479505],[25.461157529970148,60.419540515748807],[25.510196246945767,60.439794012764452],[25.49931836475643,60.453853156090098],[25.431476075856995,60.482940916464912],[25.557422635932209,60.488539946021156],[25.607212987013071,60.469910910865828],[25.652605004335491,60.501725054217431],[25.721777650722178,60.480991767820164],[25.736765195769063,60.499303661533496],[25.757551474460374,60.54198246319438],[25.823109563554603,60.550981409227909],[25.823109926493938,60.550981457322671],[25.823227082359047,60.550997512042919],[25.801002353387826,60.486903940900298]]]]}},
{"type":"Feature","properties":{"id":216,"kunta":"678","vuosi":2026,"nimi":"Raahe","namn":"Brahestad","name":"Raahe"},"geometry":{"type":"MultiPolygon","coordinates":[[[[25.420951722470839,64.415805580403287],[25.462926651379775,64.362578442230074],[25.200173116809015,64.320939694196426],[24.977804797985872,64.345603688866859],[24.877921502034877,64.391785204880804],[24.7008024066694,64.481457153726069],[24.296677727088952,64.541408385018499],[24.341425309582455,64.557596958980795],[24.371094941732199,64.602648445859344],[24.399308371680828,64.663912369733509],[24.406712115956065,64.6828907964546],[24.426892588753756,64.70218109896679],[24.454400220520299,64.710824155437919],[24.501120988325233,64.718441068125671],[24.517710127399504,64.722938268255646],[24.522625882030926,64.724277056266104],[24.561225646083471,64.747892832575445],[24.560290621919656,64.781736148497984],[24.5595140036366,64.79170976585641],[24.620246214897207,64.785337805665066],[24.808981335200606,64.662545259434765],[24.736356953579993,64.586900478587722],[24.838085804262388,64.566630273664217],[25.420951722470839,64.415805580403287]]]]}},
{"type":"Feature","properties":{"id":217,"kunta":"680","vuosi":2026,"nimi":"Raisio","namn":"Reso","name":"Raisio"},"geometry":{"type":"MultiPolygon","coordinates":[[[[22.245861256685647,60.505020151651117],[22.198650876155373,60.46200814522463],[22.107843032922673,60.447939572910478],[22.074759840215776,60.471434763755553],[22.085079419420573,60.514961350614058],[22.143837238055781,60.529723469651508],[22.245861256685647,60.505020151651117]]]]}},
{"type":"Feature","properties":{"id":218,"kunta":"681","vuosi":2026,"nimi":"Rantasalmi","namn":"Rantasalmi","name":"Rantasalmi"},"geometry":{"type":"MultiPolygon","coordinates":[[[[28.389078598679141,62.214380650907046],[28.418618874995275,62.118005718562635],[28.503352454031035,62.121141040850851],[28.593313340684791,62.10227745188616],[28.655842472558522,62.005913245396862],[28.715593652950858,61.967520373161442],[28.662553803110406,61.935142614981444],[28.559318744170106,61.943761749843574],[28.452875800237788,61.915348140206262],[28.37069210253733,61.924644685520214],[28.221653617661108,61.937574176229944],[28.227784858230134,61.957697578918967],[28.132210312877632,61.97726102212237],[28.074976788978432,61.949247258649336],[27.871848743684563,62.006461803586021],[27.866773620075858,62.040431517087505],[27.94472326412421,62.058634110832699],[27.926983917999909,62.082351334893367],[28.080087657435811,62.11643782128661],[28.026845168482858,62.170378181095714],[28.059655397475595,62.204961281966895],[28.048921817445198,62.235292677270742],[28.389078598679141,62.214380650907046]]]]}},
{"type":"Feature","properties":{"id":219,"kunta":"683","vuosi":2026,"nimi":"Ranua","namn":"Ranua","name":"Ranua"},"geometry":{"type":"MultiPolygon","coordinates":[[[[27.260037143380494,66.198255517265579],[27.272786615698781,66.142834514909808],[27.469198266832514,66.103774025021195],[27.457658863985955,65.969960523624351],[27.407421691198259,65.938403908717802],[27.071978624620762,65.729771060917486],[26.824704184139904,65.701145060434442],[26.158233713785918,65.725555482771483],[26.16011081691197,65.822334967531148],[25.939190914554025,65.773992492052841],[25.681004128888656,65.891955710006954],[25.846593651672858,66.015132867106374],[25.763868191314074,66.089043699958268],[26.067324370512281,66.159127322318952],[26.367925005978488,66.222943316816369],[26.469329690910712,66.187772809843736],[26.619015723586188,66.216908301852783],[26.57960905476461,66.285010903291521],[26.727373136691188,66.298640029670139],[26.900462900054769,66.301893631860892],[27.002434564041447,66.247868660895264],[27.097022661476142,66.201350023466901],[27.260037143380494,66.198255517265579]]]]}},
{"type":"Feature","properties":{"id":220,"kunta":"684","vuosi":2026,"nimi":"Rauma","namn":"Raumo","name":"Rauma"},"geometry":{"type":"MultiPolygon","coordinates":[[[[21.38468096117494,61.172811658957691],[21.368053175125972,61.172028933387942],[21.353278291324436,61.17546052351959],[21.33910589541372,61.191062669946589],[21.33440020905816,61.201662526570871],[21.338320468539955,61.209924798538943],[21.353523289879785,61.218748840614985],[21.368929102192066,61.221281205944742],[21.40277647921744,61.211441036157673],[21.403523395826909,61.19257806273778],[21.402551511898412,61.189658708003257],[21.399895580233984,61.181541140760622],[21.38468096117494,61.172811658957691]]],[[[21.867478511427421,61.145663246692791],[22.049528872397723,61.080292427446281],[22.070715360284137,61.042420776250864],[21.84410988094421,61.009402288493369],[21.775752185646688,61.034112183866092],[21.665592349173554,60.996332237311449],[21.621163995173955,61.05178976326934],[21.552067850023395,61.020342297135137],[21.461032256780239,61.016603846271686],[21.340482950668971,61.088943661271131],[21.355307884599927,61.090339008678811],[21.372122275902157,61.083574576393985],[21.376513130568522,61.081868496301716],[21.386655397517103,61.08229149723455],[21.409638756659941,61.084686729290667],[21.417043526552231,61.089042432605659],[21.429075250165404,61.105105066960014],[21.432854333495676,61.110029546639126],[21.440676994805841,61.127896145214066],[21.436263414446131,61.164511191113313],[21.435496913988931,61.170957317325481],[21.437231919781052,61.180115621930604],[21.43877577498144,61.187196736126651],[21.446678907728916,61.217391178302591],[21.442365620539189,61.222791849320181],[21.440456898116039,61.225142475943848],[21.442738488158263,61.232497432062956],[21.646979500366911,61.149846128768473],[21.867478511427421,61.145663246692791]]]]}},
{"type":"Feature","properties":{"id":221,"kunta":"686","vuosi":2026,"nimi":"Rautalampi","namn":"Rautalampi","name":"Rautalampi"},"geometry":{"type":"MultiPolygon","coordinates":[[[[26.842140833943343,62.804590950381744],[26.950648730756015,62.624105297967894],[26.889358676626941,62.585797357804907],[26.912265892283649,62.556396655362455],[26.87947801418473,62.485512647580393],[26.789853989415175,62.448809165706166],[26.709125304676867,62.452947916712965],[26.633113429681181,62.450769439425535],[26.483215272611016,62.532364228459663],[26.598386281160074,62.610772579509643],[26.446560232981131,62.789173125376955],[26.538321578778305,62.820095860501226],[26.634585342577328,62.810098959386565],[26.667202065265698,62.849158717027457],[26.842140833943343,62.804590950381744]]]]}},
{"type":"Feature","properties":{"id":222,"kunta":"687","vuosi":2026,"nimi":"Rautavaara","namn":"Rautavaara","name":"Rautavaara"},"geometry":{"type":"MultiPolygon","coordinates":[[[[28.759525823283294,63.387808854048799],[28.736763922480897,63.311357421201073],[28.610804126707034,63.203835319871374],[28.549098899186067,63.229345089667348],[28.467468050402978,63.24682042078534],[28.448258150672775,63.272674203750377],[28.438887358952893,63.351309300785019],[28.358932785599887,63.374258956157085],[28.340427447706418,63.325035122577269],[28.269042163818394,63.328732261807502],[28.259382110627367,63.385307269865798],[28.165735933860756,63.379779834314562],[28.088413282868864,63.403310726038839],[28.126743634831943,63.488280475853571],[28.041811389484455,63.550117257105384],[28.043812440209923,63.619179340428786],[28.168816139779818,63.714800635550702],[28.273915024059846,63.668811476265191],[28.359590185127935,63.754752621410425],[28.461227319716269,63.698608004505537],[28.550900085728578,63.700626129433225],[28.593723580780832,63.669814393072869],[28.606748839613051,63.57544167543201],[28.668509050994054,63.561205204584674],[28.603458533143257,63.527455576098731],[28.641107172948875,63.476363700426845],[28.666111147507486,63.423194116946178],[28.759525823283294,63.387808854048799]]]]}},
{"type":"Feature","properties":{"id":223,"kunta":"689","vuosi":2026,"nimi":"Rautjärvi","namn":"Rautjärvi","name":"Rautjärvi"},"geometry":{"type":"MultiPolygon","coordinates":[[[[29.444305250233128,61.424473719774774],[29.322249254560695,61.347523224287194],[29.244828321541281,61.270690458551734],[29.084264139193102,61.210434721160262],[29.022961545759227,61.244061501854162],[29.075462253506995,61.370052052411481],[29.15609932186905,61.429159504962826],[29.064613034871769,61.460489575784258],[29.140726395865592,61.485612680639449],[29.215020775328856,61.485102167468625],[29.236422970259955,61.520213371367944],[29.364553266789763,61.490655477484815],[29.444305250233128,61.424473719774774]]]]}},
{"type":"Feature","properties":{"id":224,"kunta":"691","vuosi":2026,"nimi":"Reisjärvi","namn":"Reisjärvi","name":"Reisjärvi"},"geometry":{"type":"MultiPolygon","coordinates":[[[[25.245179886084756,63.610276061707161],[25.140111761023764,63.574314570581841],[25.081871553933958,63.467168186217158],[25.036315554643913,63.458073170720326],[24.820169511539714,63.586605032666014],[24.618713972937936,63.650888014444362],[24.737020129927377,63.709091853928427],[24.923621998872381,63.670311337515415],[24.955614563413814,63.757488989566305],[25.092765663902824,63.747845140947156],[25.245179886084756,63.610276061707161]]]]}},
{"type":"Feature","properties":{"id":225,"kunta":"694","vuosi":2026,"nimi":"Riihimäki","namn":"Riihimäki","name":"Riihimäki"},"geometry":{"type":"MultiPolygon","coordinates":[[[[24.835072390464962,60.666275324722825],[24.739880309970093,60.647496423440977],[24.615911178657157,60.66756880303565],[24.605615954980319,60.692753587274169],[24.670629160206953,60.722876384760262],[24.690949829290819,60.751488810111802],[24.714607765621619,60.796462241093437],[24.836435160976066,60.776079356426919],[24.835072390464962,60.666275324722825]]]]}},
{"type":"Feature","properties":{"id":226,"kunta":"697","vuosi":2026,"nimi":"Ristijärvi","namn":"Ristijärvi","name":"Ristijärvi"},"geometry":{"type":"MultiPolygon","coordinates":[[[[28.859837309385025,64.493432772264285],[28.832495656563086,64.446268059981861],[28.813443736392848,64.341504134180312],[28.75194584450297,64.310236108917366],[28.586295374954013,64.336033516017366],[28.46304120259606,64.375248538625371],[28.079059004947112,64.469783388630788],[28.026143139310417,64.552423746806753],[27.870479751580739,64.577303650372116],[28.074326976875518,64.632877049000612],[28.246019662205331,64.636780232266162],[28.321246660969596,64.589670602198893],[28.431112028726893,64.596724980800502],[28.859837309385025,64.493432772264285]]]]}},
{"type":"Feature","properties":{"id":227,"kunta":"698","vuosi":2026,"nimi":"Rovaniemi","namn":"Rovaniemi","name":"Rovaniemi"},"geometry":{"type":"MultiPolygon","coordinates":[[[[25.350017390820575,67.15128862121189],[25.61107316661823,67.136704480393178],[25.904471556491689,67.119933259156539],[26.305865807495611,66.992091413152409],[26.372630225520645,66.95382179462419],[26.517973570017947,66.942924249850208],[26.655724601167073,66.822036992720129],[26.697545209943115,66.574593976578768],[27.123526705910415,66.366834875630445],[27.249848796073394,66.331992937153004],[27.261181317842528,66.256485969980332],[27.260037143380494,66.198255517265579],[27.097022661476142,66.201350023466901],[27.002434564041447,66.247868660895264],[26.900462900054769,66.301893631860892],[26.727373136691188,66.298640029670139],[26.57960905476461,66.285010903291521],[26.619015723586188,66.216908301852783],[26.469329690910712,66.187772809843736],[26.367925005978488,66.222943316816369],[26.067324370512281,66.159127322318952],[25.774632230135644,66.213790999384713],[25.339325948516837,66.209816580531992],[24.791824681838154,66.332235707644656],[25.05041074059605,66.47584860025394],[24.988052006494787,66.754377417112252],[24.870206405868526,66.937877140758545],[24.736798652807916,67.151916968591777],[24.861994293487285,67.177119060486831],[25.350017390820575,67.15128862121189]]]]}},
{"type":"Feature","properties":{"id":228,"kunta":"700","vuosi":2026,"nimi":"Ruokolahti","namn":"Ruokolax","name":"Ruokolahti"},"geometry":{"type":"MultiPolygon","coordinates":[[[[29.236422970259955,61.520213371367944],[29.215020775328856,61.485102167468625],[29.140726395865592,61.485612680639449],[29.064613034871769,61.460489575784258],[29.15609932186905,61.429159504962826],[29.075462253506995,61.370052052411481],[29.022961545759227,61.244061501854162],[29.084264139193102,61.210434721160262],[29.021965868537823,61.188489395641589],[28.927280720255407,61.227586482427427],[28.918882714976736,61.275743420200143],[28.845641124360906,61.277634702318231],[28.848907675846505,61.249787271084237],[28.811471207578162,61.240291858716155],[28.745603678972905,61.242981427250221],[28.701680111031038,61.231561630413239],[28.598181346960985,61.199780888245918],[28.397944570504997,61.284686929512304],[28.252197920459253,61.379686546155909],[28.426620290435469,61.456844039685379],[28.440056707512198,61.511550164388446],[28.543325832118576,61.476011394728879],[28.684190075443755,61.476742463397493],[28.791440521737023,61.477757666371538],[28.811777685916105,61.535776930075833],[28.956050178935346,61.540664166905721],[29.261568006768051,61.557769489709287],[29.236422970259955,61.520213371367944]]]]}},
{"type":"Feature","properties":{"id":229,"kunta":"702","vuosi":2026,"nimi":"Ruovesi","namn":"Ruovesi","name":"Ruovesi"},"geometry":{"type":"MultiPolygon","coordinates":[[[[24.035510181117022,62.120955719458024],[24.140740073423899,62.081327187387402],[24.284842828720112,62.077647912629608],[24.311223683642236,62.045297056174597],[24.281702501859716,62.012403125284003],[24.438634490337989,61.910566200001817],[24.410989836665117,61.859364733785753],[24.227415504168629,61.824806440867697],[24.090787718735882,61.79284979573162],[23.999885850026338,61.787160949530382],[23.855517951522621,61.836613900405908],[23.844340452295068,61.949495559493663],[23.697642589341822,62.031303117424919],[23.6806223578055,62.084436954175374],[23.78612064568641,62.088839551354987],[23.865946213357933,62.12883996430724],[23.85542666108207,62.170946092083661],[24.035510181117022,62.120955719458024]]]]}},
{"type":"Feature","properties":{"id":230,"kunta":"704","vuosi":2026,"nimi":"Rusko","namn":"Rusko","name":"Rusko"},"geometry":{"type":"MultiPolygon","coordinates":[[[[22.245861256685647,60.505020151651117],[22.143837238055781,60.529723469651508],[22.210045329866677,60.595678454446436],[22.415003582268326,60.737293601325753],[22.388022610016545,60.630480492792401],[22.264917797081264,60.51755287128114],[22.245861256685647,60.505020151651117]]]]}},
{"type":"Feature","properties":{"id":231,"kunta":"707","vuosi":2026,"nimi":"Rääkkylä","namn":"Rääkkylä","name":"Rääkkylä"},"geometry":{"type":"MultiPolygon","coordinates":[[[[29.949640908609673,62.370253359887542],[30.011659210176784,62.341475852611012],[30.015979143870691,62.308106737388727],[29.963392733243815,62.283389012013565],[30.005086545867748,62.244304499040787],[29.877744741195258,62.21183651131993],[29.951388615524248,62.146116799069517],[29.78416995997312,62.195410887963661],[29.612968402749061,62.175267792090757],[29.43008176330428,62.236528971350324],[29.32191279204088,62.313121344311092],[29.295965334626299,62.386727770257174],[29.5385214269239,62.407143282786663],[29.645518482793321,62.35974842091575],[29.763220867654951,62.407439052596999],[29.949640908609673,62.370253359887542]]]]}},
{"type":"Feature","properties":{"id":232,"kunta":"710","vuosi":2026,"nimi":"Raasepori","namn":"Raseborg","name":"Raseborg"},"geometry":{"type":"MultiPolygon","coordinates":[[[[23.426409657052979,59.857491780650612],[23.383509490560275,59.856139523438891],[23.363458581667345,59.866368456359289],[23.373121115525965,59.876069216422252],[23.398821336233439,59.886298822556583],[23.436278884355421,59.888755931116698],[23.462008638458826,59.898973449561936],[23.510318352361839,59.900442546332386],[23.516974022564852,59.88983792902021],[23.494190768078578,59.877014601820605],[23.465046012573286,59.872102110946585],[23.426409657052979,59.857491780650612]]],[[[23.620482993577774,60.194133097274658],[23.622395098918119,60.166416095584026],[23.825840732048391,60.197535860037448],[23.898992775301931,60.206001265792516],[23.942377708589767,60.129492555696416],[23.815023356279099,60.124411231052271],[23.874551689836437,60.047688091922318],[23.759067382198047,60.037621492107803],[23.773635145957364,60.003211012164329],[23.82082080984809,59.987104374210219],[23.812143315983025,59.984627755605175],[23.790586336517478,59.975840894907769],[23.755691861843314,59.973459981694688],[23.722934637313884,59.9766923601128],[23.693309470668808,59.977210490652233],[23.685676391157902,59.972886603230641],[23.681121288787548,59.9646871310905],[23.696981191461838,59.942178345357625],[23.689793371604313,59.935260581446705],[23.671549075341005,59.927973662731596],[23.617972109842313,59.925081906295752],[23.585250604470644,59.928280403264885],[23.542709357985867,59.924295935366906],[23.534958517953701,59.921397086340079],[23.481370097289091,59.917101413655693],[23.431583927995451,59.929148609017055],[23.403478440797045,59.939075856158418],[23.36849757576984,59.938026417088395],[23.345296350170795,59.929208594229813],[23.329204894719268,59.92741337773532],[23.321958635644208,59.921730382066912],[23.307489865634547,59.898952671284469],[23.303700187340038,59.892826292857301],[23.30017601447609,59.87790181674157],[23.274648079058171,59.863419209451635],[23.295166517258902,59.90200676711472],[23.218893846745978,59.932306656961529],[23.160712777549694,59.902666307508539],[23.126616330186636,59.918698749178198],[23.130040923353278,59.925215814059925],[23.138362965297397,59.965986593213565],[23.130628983340692,59.984630214210114],[23.118624658565828,59.993712643286628],[23.107277266432735,59.998679914405258],[23.088981005701278,59.994094812685461],[23.074655966446276,59.978752022923238],[23.075789804943291,59.970698176247282],[23.079635302621526,59.939720292350316],[23.072558793314563,59.931421834704636],[23.054794028230727,59.922713243455533],[23.011658055035856,59.922671790906548],[22.97403629350779,59.921436899426695],[22.933742818000027,59.920108698526924],[22.910521334799022,59.932780285519272],[22.88961478428676,59.948306446669875],[22.856480034241052,59.96398494021696],[22.854994612260022,59.988743579214123],[22.864551645842312,59.999828595806633],[22.888134579196922,59.99921803085725],[22.924601925721813,59.991328670181709],[22.967839688651296,59.990086386804677],[23.002858107846645,59.99124256687611],[23.012772690827074,59.998282683400703],[23.002496210817853,60.035805122600557],[23.014460413269852,60.048298786479322],[23.032858012823056,60.096941672729955],[23.148649723469525,60.100440646405296],[23.305910708779653,60.188660100815326],[23.362937526938282,60.149898783423303],[23.553615733095796,60.202204533834099],[23.620482993577774,60.194133097274658]]]]}},
{"type":"Feature","properties":{"id":233,"kunta":"729","vuosi":2026,"nimi":"Saarijärvi","namn":"Saarijärvi","name":"Saarijärvi"},"geometry":{"type":"MultiPolygon","coordinates":[[[[25.571118711825527,62.859267801596786],[25.696601118830262,62.782364715466933],[25.49205141336234,62.726068876058754],[25.483862806382149,62.547053399752748],[25.406071193577898,62.520826206209101],[25.25191308575803,62.537650595588559],[25.183785131069193,62.582283249112656],[24.955293292081755,62.572211331843427],[24.899756610669375,62.602080118147903],[24.714105419164902,62.531526345966697],[24.582168743655217,62.664786460859894],[24.519591928789076,62.685978283033393],[24.504238561712238,62.710430464051086],[24.822516783049529,62.790277354573959],[24.900222518705256,62.743212204561971],[24.947916073764464,62.785764358555056],[24.931239946513458,62.818580720429303],[25.036633625470881,62.862302460019819],[25.172940002907374,62.798690414225135],[25.300406461033237,62.818463941133601],[25.467251332704205,62.908490612346888],[25.534522013543864,62.906040228966866],[25.571118711825527,62.859267801596786]]]]}},
{"type":"Feature","properties":{"id":271,"kunta":"846","vuosi":2026,"nimi":"Teuva","namn":"Östermark","name":"Teuva"},"geometry":{"type":"MultiPolygon","coordinates":[[[[22.041523987599465,62.541444595928837],[21.875631097543192,62.361896631539047],[21.5541301076283,62.424298740312707],[21.603338423719858,62.530890239910384],[21.591769423554471,62.605438135683556],[21.662244557962101,62.640045042553957],[21.780108115326417,62.628472217454252],[21.79939859231623,62.594268411144483],[21.935965291090955,62.586808509995173],[21.969522009182011,62.623301840833037],[22.099622253584492,62.605416384872257],[22.041523987599465,62.541444595928837]]]]}},
{"type":"Feature","properties":{"id":234,"kunta":"732","vuosi":2026,"nimi":"Salla","namn":"Salla","name":"Salla"},"geometry":{"type":"MultiPolygon","coordinates":[[[[29.57292981739003,66.432853204377153],[29.257973256768647,66.432892635748573],[29.258521601778785,66.408146942652024],[28.695312032584138,66.485853241765781],[28.396406746549413,66.492254163690461],[28.223972113990769,66.417859814831772],[28.138619593378355,66.431863519336162],[28.075159055015799,66.501411345088528],[28.191920269839628,66.626769349561073],[28.156136302968076,66.697717026119079],[28.064575052881754,66.703543481964985],[27.942776676726986,66.776264320823628],[27.881602148837487,66.885909846740702],[27.956478473715642,67.029543330747686],[28.084537534133542,67.039172395712612],[28.359828388661533,67.108113025938493],[28.677464579769961,67.139435246131384],[28.811096531499729,67.240820245272886],[28.934901910051536,67.350895759733646],[28.940192934729275,67.384272065793567],[29.212346936743163,67.537973292052627],[29.277880505711458,67.607265031811281],[29.482830045674234,67.683974327850052],[29.659405132320884,67.802959253434253],[29.659405500466672,67.802958942247642],[30.017042958741541,67.673552697246194],[29.930224452665179,67.522523826588753],[29.840055902618577,67.479182206463875],[29.716118094853055,67.392579131583219],[29.657814458410733,67.370396314290943],[29.621570882524317,67.351561287279381],[29.644060125779326,67.335782072172961],[29.611563935534033,67.326437734700008],[29.565863359725679,67.32246617106783],[29.522557309034312,67.309897127176555],[29.516494861047562,67.280652591352506],[29.072851776655646,66.995901012017697],[29.040953931626159,66.961524195075967],[29.033172507687262,66.925511784690954],[29.06051473393029,66.853100328245489],[29.118969159476837,66.801476910310996],[29.149413499611395,66.780433884747609],[29.361129303162219,66.638808226885772],[29.386095741470236,66.607496397817044],[29.410607100970388,66.583172114520707],[29.47263775813845,66.543168091530163],[29.519572835864366,66.49626870252888],[29.57292981739003,66.432853204377153]]]]}},
{"type":"Feature","properties":{"id":235,"kunta":"734","vuosi":2026,"nimi":"Salo","namn":"Salo","name":"Salo"},"geometry":{"type":"MultiPolygon","coordinates":[[[[22.92532065173457,60.025086710846963],[22.881055307677084,60.012837491158571],[22.848293780378157,60.019269858082211],[22.833389716196134,60.04063962526044],[22.845287104552359,60.057461787563497],[22.870453636474874,60.071822274774718],[22.889084552257721,60.073841544825669],[22.897659595204495,60.071412062506198],[22.929872161794684,60.052278029589573],[22.935217321681126,60.032222089413345],[22.92532065173457,60.025086710846963]]],[[[22.950958573474271,60.08276006968903],[22.921387657571604,60.080412343086309],[22.902083251736194,60.083769125658556],[22.890451136921126,60.094821434191545],[22.899219725214415,60.105339211739796],[22.927303151595851,60.118429973202986],[22.959585286917367,60.119510539149928],[22.974534663824187,60.109182610478612],[22.978716298029138,60.098525912108208],[22.974157731989575,60.09164707540782],[22.950958573474271,60.08276006968903]]],[[[23.515790815663454,60.595676850793247],[23.497597562364433,60.534557449084197],[23.586111578387278,60.483730640465083],[23.642631922049851,60.4673262968834],[23.737486110266438,60.490369452808956],[23.739210778347257,60.457028061023863],[23.784140396259666,60.450186017247731],[23.790487276113318,60.387825226568793],[23.723172447000351,60.368755864184557],[23.728880254733141,60.328992817711253],[23.586321575740072,60.258840474173326],[23.620482993577774,60.194133097274658],[23.553615733095796,60.202204533834099],[23.362937526938282,60.149898783423303],[23.305910708779653,60.188660100815326],[23.148649723469525,60.100440646405296],[23.032858012823056,60.096941672729955],[23.034644099068778,60.101656682990111],[23.033434786740798,60.1042264345052],[23.026978957386394,60.11894991920046],[23.015221314326322,60.125335859140812],[22.979567835808695,60.128210551386871],[22.96246791383653,60.138383668337489],[22.948052831614728,60.144233522748671],[22.892324888837098,60.157522819511627],[22.883661485263264,60.176306295565126],[22.897222880101229,60.197623613382767],[22.907797586045856,60.213064155629731],[22.967218544587894,60.264162174621838],[23.011909584596761,60.296696636130797],[23.027889276899025,60.308229089035493],[23.047760453832751,60.335601016167573],[23.043461142189841,60.354613452056178],[23.039716232753271,60.355580196992783],[23.017028610580073,60.361641588622049],[22.944158388759384,60.334903198107014],[22.880317930109758,60.305078331111126],[22.818931763176654,60.372921425745965],[22.875913678615472,60.445269107328492],[22.846004877125786,60.510882942314659],[23.100717169359541,60.573529048525302],[23.207770176088093,60.585697706529999],[23.396430509998122,60.546109318858512],[23.515790815663454,60.595676850793247]]]]}},
{"type":"Feature","properties":{"id":236,"kunta":"736","vuosi":2026,"nimi":"Saltvik","namn":"Saltvik","name":"Saltvik"},"geometry":{"type":"MultiPolygon","coordinates":[[[[20.204077171235074,60.313986277363924],[20.023995833715183,60.230576485553513],[19.947296110144563,60.297426071137906],[20.013699819393842,60.359638812610598],[19.94608315534137,60.37632470517881],[19.967867496836998,60.395531544997567],[19.99265519795745,60.385376523463549],[20.022750207033003,60.382550274528654],[20.032755319680518,60.381725439407035],[20.060483653600407,60.380568172902869],[20.092066309732299,60.374110826524003],[20.130453306468873,60.34917186907137],[20.179176864228165,60.339620097872562],[20.199730012715722,60.320410045948414],[20.204077171235074,60.313986277363924]]]]}},
{"type":"Feature","properties":{"id":237,"kunta":"738","vuosi":2026,"nimi":"Sauvo","namn":"Sagu","name":"Sauvo"},"geometry":{"type":"MultiPolygon","coordinates":[[[[22.818931763176654,60.372921425745965],[22.880317930109758,60.305078331111126],[22.848928200951224,60.292595639394236],[22.826138060087636,60.279657591147313],[22.771112648066072,60.262904646099038],[22.723369647943581,60.253103881583471],[22.650640040839004,60.247860465178896],[22.619867878621907,60.253498393856951],[22.579713334011664,60.266906812785336],[22.509496903774469,60.263018243714853],[22.49310732335325,60.266094866898136],[22.493767756243304,60.278417651405604],[22.531548060218356,60.321282018941268],[22.559560898986788,60.349750265715592],[22.562090711062613,60.357132950984074],[22.60748032745709,60.381843370932984],[22.818931763176654,60.372921425745965]]]]}},
{"type":"Feature","properties":{"id":238,"kunta":"739","vuosi":2026,"nimi":"Savitaipale","namn":"Savitaipale","name":"Savitaipale"},"geometry":{"type":"MultiPolygon","coordinates":[[[[27.931155283097844,61.350392899626108],[27.842397662050701,61.299242452856568],[27.844026743485916,61.253937742501066],[27.753922808922432,61.264212373434567],[27.754189065117981,61.240687428208787],[27.8086646758684,61.213760097349365],[27.784236449562361,61.163676301173574],[27.694708206801931,61.150815516346135],[27.708709129632272,61.102881309507623],[27.61718368110618,61.064118624377585],[27.572788656161894,61.017691672390839],[27.424372861580796,61.031010869166956],[27.364384634363788,61.10139254288184],[27.228489977819816,61.090202259823307],[27.205820105829947,61.162471387298091],[27.355504044921208,61.173546103298236],[27.378517821163374,61.214238734427859],[27.430299477976146,61.271643076133813],[27.577048790489417,61.263200802777114],[27.592085977688239,61.310836220869845],[27.64673370488693,61.343889442694724],[27.754461486822667,61.329050282625204],[27.792606510919967,61.362078407547813],[27.931155283097844,61.350392899626108]]]]}},
{"type":"Feature","properties":{"id":239,"kunta":"740","vuosi":2026,"nimi":"Savonlinna","namn":"Nyslott","name":"Savonlinna"},"geometry":{"type":"MultiPolygon","coordinates":[[[[29.295965334626299,62.386727770257174],[29.32191279204088,62.313121344311092],[29.43008176330428,62.236528971350324],[29.427146215283109,62.158384577117538],[29.482333141392562,62.056686583365341],[29.660372528097422,61.976899728391793],[29.614863461542321,61.913329084979473],[29.696825626737958,61.864398185843058],[29.675861546369557,61.791739757156812],[29.55927163880596,61.722072804509921],[29.538346869889988,61.68389441091125],[29.40419875088832,61.653868037340523],[29.311391988877503,61.608767955611896],[29.261568006768051,61.557769489709287],[28.956050178935346,61.540664166905721],[28.834050238233459,61.570073663462338],[28.85902607060029,61.605377381277314],[28.619481182868139,61.643206206469792],[28.625528808363658,61.684196426182773],[28.559402262274102,61.729515007441677],[28.602838831759527,61.751579402500148],[28.593839448527852,61.804508500234334],[28.499466668228003,61.837889757868034],[28.413908936090795,61.877941822309481],[28.37069210253733,61.924644685520214],[28.452875800237788,61.915348140206262],[28.559318744170106,61.943761749843574],[28.662553803110406,61.935142614981444],[28.715593652950858,61.967520373161442],[28.655842472558522,62.005913245396862],[28.593313340684791,62.10227745188616],[28.503352454031035,62.121141040850851],[28.418618874995275,62.118005718562635],[28.389078598679141,62.214380650907046],[28.50447510811281,62.201522957456156],[28.597476399163547,62.149620083997469],[28.651022221895687,62.141858838998665],[28.763648250995626,62.11916555482518],[28.779639126233416,62.083523024796172],[28.836926955510538,62.065919347441522],[28.72631045066214,62.053981053092251],[28.788995949611504,62.019749063734167],[28.878703950705791,62.002193304632961],[28.978709234483556,62.000993528864569],[29.08731042999748,62.030879398500296],[29.125848481129658,62.097590924702388],[29.095539931341222,62.126400729165056],[29.013896016006257,62.157428716006756],[28.991288324244472,62.197972363518844],[28.911619213570301,62.202750650387358],[28.917994832990789,62.243498344452178],[28.932052171921928,62.261216978611444],[29.005100263613254,62.327430220897618],[29.168239971572742,62.33205013630004],[29.166448858704339,62.386337560767267],[29.230808593594492,62.417756994530663],[29.295965334626299,62.386727770257174]]]]}},
{"type":"Feature","properties":{"id":240,"kunta":"742","vuosi":2026,"nimi":"Savukoski","namn":"Savukoski","name":"Savukoski"},"geometry":{"type":"MultiPolygon","coordinates":[[[[29.659405132320884,67.802959253434253],[29.482830045674234,67.683974327850052],[29.277880505711458,67.607265031811281],[29.212346936743163,67.537973292052627],[28.940192934729275,67.384272065793567],[28.934901910051536,67.350895759733646],[28.811096531499729,67.240820245272886],[28.677464579769961,67.139435246131384],[28.359828388661533,67.108113025938493],[28.040696319140771,67.171969183896607],[27.875761620548261,67.175444601578917],[27.76990197569166,67.304386904661058],[27.221898834654876,67.425300122301536],[27.398243554633471,67.572795131883652],[27.804020294691831,67.64905876706581],[28.646151181885067,68.196303306320459],[29.327088621665425,68.074542238191839],[29.659405132320884,67.802959253434253]]]]}},
{"type":"Feature","properties":{"id":241,"kunta":"743","vuosi":2026,"nimi":"Seinäjoki","namn":"Seinäjoki","name":"Seinäjoki"},"geometry":{"type":"MultiPolygon","coordinates":[[[[22.78411600284926,63.037923807959984],[22.817791484020532,62.870996668337504],[23.044995479067126,62.861133318254126],[23.091501826896287,62.816778470693613],[23.189615472685677,62.816491165102583],[23.278921554076231,62.77470938646119],[23.271255205202202,62.735735927550067],[23.202730007241978,62.724100351334933],[23.161226231195201,62.655453037853228],[23.30779490917875,62.574801196172302],[23.246716066575111,62.537388629781482],[23.337763619776933,62.425083423679965],[23.217823352439812,62.334166699543474],[23.144518227460789,62.319197947453851],[23.1191711930826,62.409635393190058],[22.857674719975229,62.634200624748026],[22.877519819228819,62.681994841206844],[22.687000513365653,62.775202449945006],[22.736946182448257,62.871302685857387],[22.302619661609601,62.795106005170183],[22.409002784761871,62.864355247123008],[22.417357609073722,62.952164727234802],[22.53281946224746,63.064737042104923],[22.676229887066206,63.083860027729912],[22.78411600284926,63.037923807959984]]]]}},
{"type":"Feature","properties":{"id":242,"kunta":"746","vuosi":2026,"nimi":"Sievi","namn":"Sievi","name":"Sievi"},"geometry":{"type":"MultiPolygon","coordinates":[[[[24.639092815411836,63.946762549189941],[24.91582559284382,63.85086595303887],[24.967383887215661,63.800598561432516],[24.955614563413814,63.757488989566305],[24.923621998872381,63.670311337515415],[24.737020129927377,63.709091853928427],[24.618713972937936,63.650888014444362],[24.425522528319018,63.840073163330977],[24.247452259348378,63.876949483079443],[24.127078414754212,63.982785362403554],[24.306638460486873,64.022120853205109],[24.639092815411836,63.946762549189941]]]]}},
{"type":"Feature","properties":{"id":243,"kunta":"747","vuosi":2026,"nimi":"Siikainen","namn":"Siikais","name":"Siikainen"},"geometry":{"type":"MultiPolygon","coordinates":[[[[21.974686369284807,61.979759585669555],[22.009657216753393,61.934404298886939],[22.138185064475209,61.896268751189226],[22.17543515706982,61.878838993880748],[22.034855121181899,61.804341528172884],[22.087520578094274,61.782659356393168],[22.039920320559567,61.746692604515928],[21.976114358925816,61.767085401475271],[21.728052101785316,61.747920241548712],[21.678973360850737,61.815890850115082],[21.749405167768725,62.015861794544016],[21.974686369284807,61.979759585669555]]]]}},
{"type":"Feature","properties":{"id":244,"kunta":"748","vuosi":2026,"nimi":"Siikajoki","namn":"Siikajoki","name":"Siikajoki"},"geometry":{"type":"MultiPolygon","coordinates":[[[[25.168235704014407,64.734183183605765],[25.520269460152662,64.628942520782445],[25.379547989670154,64.561503113598746],[25.476886422063085,64.50079892237558],[25.482885207788929,64.428017096405085],[25.420951722470839,64.415805580403287],[24.838085804262388,64.566630273664217],[24.736356953579993,64.586900478587722],[24.808981335200606,64.662545259434765],[24.620246214897207,64.785337805665066],[24.5595140036366,64.79170976585641],[24.557784596495367,64.813889588393295],[24.566512880201223,64.822199741075053],[24.59091834306971,64.832020761189284],[24.619534311808998,64.832571730969647],[24.663937947606509,64.833366223334295],[24.697857184073872,64.843408063286802],[24.720631465039492,64.870770498163878],[24.770204067253474,64.883815774254089],[24.910013255697535,64.886203786935312],[24.956854969974142,64.895019586502471],[24.99107240378784,64.906342387457244],[24.994176625064707,64.907746871737103],[24.99552161678761,64.882449460363162],[24.953439675865432,64.811989416813432],[25.168235704014407,64.734183183605765]]]]}},
{"type":"Feature","properties":{"id":245,"kunta":"749","vuosi":2026,"nimi":"Siilinjärvi","namn":"Siilinjärvi","name":"Siilinjärvi"},"geometry":{"type":"MultiPolygon","coordinates":[[[[27.526632041073416,63.162166921828309],[27.569080212833939,63.190403215301828],[27.614807018849902,63.224548760556367],[27.699954654084788,63.250013735264496],[27.817027181431289,63.2066821690225],[27.804363553807768,63.149661835776371],[27.886107308065753,63.082189772801328],[27.802685149234964,63.059302755132812],[27.830421796855742,63.022332710471687],[27.943250032809331,63.006556028476147],[27.909773310582978,62.981580919915139],[27.824003607324336,62.993452044911976],[27.831929549343961,62.951872235427992],[27.690486244463177,62.976147909257946],[27.528977095367818,62.966245650940046],[27.420223831642254,62.993579802030304],[27.35246306311668,63.049016085225432],[27.470012608796566,63.063294319431776],[27.517179943165818,63.104150576565473],[27.461775539052937,63.119979506458307],[27.526632041073416,63.162166921828309]]]]}},
{"type":"Feature","properties":{"id":246,"kunta":"751","vuosi":2026,"nimi":"Simo","namn":"Simo","name":"Simo"},"geometry":{"type":"MultiPolygon","coordinates":[[[[25.763868191314074,66.089043699958268],[25.846593651672858,66.015132867106374],[25.681004128888656,65.891955710006954],[25.939190914554025,65.773992492052841],[25.790235368143044,65.740711687591343],[25.42450495497528,65.74256854920111],[25.129337125276393,65.607333226604879],[25.099245274847682,65.594183052056039],[25.077607885625408,65.614718718126881],[25.031971455482264,65.632030121464737],[24.956698913629108,65.633550374717174],[24.912222998347051,65.654480414962762],[24.878670134072866,65.663348110200459],[24.829472513979315,65.663911234607525],[24.777022368815665,65.664321339905712],[24.729568766494015,65.647380233220744],[24.674635095257305,65.645731807792828],[24.665083018309648,65.651559527502712],[24.747412120070685,65.69503725294895],[24.834890245652282,65.742507656680488],[24.913289859425724,65.748516886666209],[24.966272450453346,65.825710442302451],[25.166241655899388,65.904033635004538],[25.225674784287492,65.961531366368774],[25.449618133465652,66.087912227449948],[25.544903704567592,66.11623893050988],[25.763868191314074,66.089043699958268]]]]}},
{"type":"Feature","properties":{"id":247,"kunta":"753","vuosi":2026,"nimi":"Sipoo","namn":"Sibbo","name":"Sipoo"},"geometry":{"type":"MultiPolygon","coordinates":[[[[25.40914203615845,60.225489921962776],[25.36040599559033,60.222023747845952],[25.327493859381576,60.226909406809632],[25.318783141657637,60.234878855652561],[25.321282769105668,60.238950285369533],[25.345162199772762,60.248766118413947],[25.380269022576094,60.254675296257183],[25.420884378717826,60.255254506077563],[25.437629661847197,60.248809694583819],[25.433042532105585,60.235200305169514],[25.40914203615845,60.225489921962776]]],[[[25.365168772403045,60.375547373125762],[25.465911049702665,60.294419203253099],[25.514469003853279,60.271215230603225],[25.501118717387104,60.266418438846522],[25.486014423201727,60.264810747794172],[25.444986281724521,60.265054662011899],[25.41475235888981,60.26999352211687],[25.368520003965639,60.26934367953092],[25.34145737135572,60.264878847647417],[25.242764493649652,60.251360969995353],[25.25090242953031,60.273519181720282],[25.27164735728493,60.298080122940618],[25.190249945690962,60.285681338531113],[25.169614232969721,60.311486237749527],[25.11681857979319,60.328382647758296],[25.172838536928772,60.3566106493288],[25.176826043482542,60.441085741366045],[25.18070861885132,60.460857273252834],[25.16930216273153,60.506231275417086],[25.224187585751427,60.501631092847951],[25.363440796202013,60.406097895479505],[25.365168772403045,60.375547373125762]]]]}},
{"type":"Feature","properties":{"id":248,"kunta":"755","vuosi":2026,"nimi":"Siuntio","namn":"Sjundeå","name":"Siuntio"},"geometry":{"type":"MultiPolygon","coordinates":[[[[24.342485770927844,60.246198213033168],[24.292806906038749,60.189790519256221],[24.361533769623286,60.079357184831274],[24.344328539821941,60.07615909512117],[24.308873842270696,60.065743072088061],[24.292848395399027,60.063978878906973],[24.284379380588639,60.062098799909201],[24.276087556902279,60.059697047710294],[24.201709714952042,60.128281094044993],[24.13623150955824,60.111402646696632],[24.045805674528967,60.15011723962909],[24.008262875856431,60.182502064214589],[24.076965998825514,60.227489947265276],[24.162050502032095,60.228127747334774],[24.305695635044415,60.294645468997146],[24.342485770927844,60.246198213033168]]]]}},
{"type":"Feature","properties":{"id":249,"kunta":"758","vuosi":2026,"nimi":"Sodankylä","namn":"Sodankylä","name":"Sodankylä"},"geometry":{"type":"MultiPolygon","coordinates":[[[[28.646151181885067,68.196303306320459],[27.804020294691831,67.64905876706581],[27.398243554633471,67.572795131883652],[27.221898834654876,67.425300122301536],[27.252690861230633,67.363188022955654],[27.086475298712571,67.337711304805552],[27.019580660024733,67.16709309414118],[26.760869252935581,67.052327413440977],[26.517973570017947,66.942924249850208],[26.372630225520645,66.95382179462419],[26.305865807495611,66.992091413152409],[25.904471556491689,67.119933259156539],[25.61107316661823,67.136704480393178],[25.350017390820575,67.15128862121189],[25.485615759094053,67.303799515738348],[25.760729451080117,67.434160240413263],[25.737833645227298,67.541380100554449],[26.007839519506796,67.938796405948693],[25.878393259661124,68.097364141584691],[25.97561956554091,68.277571677675468],[26.195265565461874,68.314203203915611],[27.50212684019322,68.343613265221933],[28.264236936862851,68.46164923946634],[28.478982094949799,68.466190669443677],[28.646151181885067,68.196303306320459]]]]}},
{"type":"Feature","properties":{"id":250,"kunta":"759","vuosi":2026,"nimi":"Soini","namn":"Soini","name":"Soini"},"geometry":{"type":"MultiPolygon","coordinates":[[[[24.300936607199301,62.988353152790275],[24.348219727976751,62.963698544328146],[24.342973518820941,62.917716105839474],[24.433996365317125,62.907844140339257],[24.448430222840987,62.870989723024884],[24.34197629248083,62.859258936520369],[24.504238561712238,62.710430464051086],[24.519591928789076,62.685978283033393],[24.373726324304322,62.701508815844107],[24.272518040871919,62.754814001075921],[24.253568078428877,62.724504525152135],[24.230120376943219,62.685776174019722],[24.119276178068059,62.695507058682608],[24.039521449264086,62.736484197326185],[24.143433221366678,62.831217447673367],[23.991964129537912,62.860918645506523],[24.0289401389105,62.971858203656495],[24.092852576233383,62.963552436489557],[24.18229643786027,63.013273631449202],[24.300936607199301,62.988353152790275]]]]}},
{"type":"Feature","properties":{"id":251,"kunta":"761","vuosi":2026,"nimi":"Somero","namn":"Somero","name":"Somero"},"geometry":{"type":"MultiPolygon","coordinates":[[[[23.40862398065719,60.739773800781272],[23.502136916093001,60.74398925819586],[23.684147331127964,60.657241273587843],[23.900506809076361,60.649756842588289],[23.920549091261872,60.606087320926704],[23.844492481463213,60.556423460939484],[23.871849838986162,60.507934317870486],[23.737486110266438,60.490369452808956],[23.642631922049851,60.4673262968834],[23.586111578387278,60.483730640465083],[23.497597562364433,60.534557449084197],[23.515790815663454,60.595676850793247],[23.396430509998122,60.546109318858512],[23.207770176088093,60.585697706529999],[23.25769555045385,60.627865115021223],[23.154615351442764,60.774168237286865],[23.277278876914341,60.711075392984149],[23.40862398065719,60.739773800781272]]]]}},
{"type":"Feature","properties":{"id":252,"kunta":"762","vuosi":2026,"nimi":"Sonkajärvi","namn":"Sonkajärvi","name":"Sonkajärvi"},"geometry":{"type":"MultiPolygon","coordinates":[[[[27.926320966693325,63.844570091173416],[28.168816139779818,63.714800635550702],[28.043812440209923,63.619179340428786],[28.041811389484455,63.550117257105384],[27.942810737767026,63.518916737049203],[27.880454219664095,63.535059830237358],[27.625181488851446,63.502469777993255],[27.542174998576126,63.585781395459698],[27.368379550994032,63.621419821909498],[27.260958638432307,63.688839069646995],[27.209981921988287,63.724653458698789],[27.349468533338275,63.788267618814871],[27.357579265494302,63.827426679144111],[27.25611817890147,63.887001803995823],[27.250700789642732,63.915069754100458],[27.161218192921737,63.938798726705244],[27.119271141808067,63.990779380521552],[27.449494289819615,63.944381160562862],[27.540596774382244,63.956432799221261],[27.926320966693325,63.844570091173416]]]]}},
{"type":"Feature","properties":{"id":253,"kunta":"765","vuosi":2026,"nimi":"Sotkamo","namn":"Sotkamo","name":"Sotkamo"},"geometry":{"type":"MultiPolygon","coordinates":[[[[28.75194584450297,64.310236108917366],[28.855774712171552,64.22566193370362],[28.890628311706177,64.09852309868829],[29.049368235094796,64.002198272727782],[29.211042315806015,63.964739931839333],[29.158309435000994,63.847326943170486],[29.111890297841207,63.846352798753649],[28.885137055929359,63.835836978293869],[28.500770861386655,63.88241466812444],[28.359590185127935,63.754752621410425],[28.273915024059846,63.668811476265191],[28.168816139779818,63.714800635550702],[27.926320966693325,63.844570091173416],[28.065434484440768,63.903522137715413],[27.831458736236907,64.044268832547203],[27.796785506926401,64.162406014537055],[28.132838890178608,64.317145038313683],[28.46304120259606,64.375248538625371],[28.586295374954013,64.336033516017366],[28.75194584450297,64.310236108917366]]]]}},
{"type":"Feature","properties":{"id":254,"kunta":"766","vuosi":2026,"nimi":"Sottunga","namn":"Sottunga","name":"Sottunga"},"geometry":{"type":"MultiPolygon","coordinates":[[[[20.729750752869933,60.08410237893046],[20.686987141547277,60.080620188497761],[20.666514531290989,60.087740719629529],[20.62892978012081,60.126355375947554],[20.604430087938031,60.140025917112801],[20.614279760427891,60.158060478126828],[20.623757124397347,60.163200666133072],[20.647328155827537,60.1692892152235],[20.655076463313691,60.166600708134915],[20.688376450441513,60.155052565650735],[20.713349454284653,60.13877887749635],[20.714809844396115,60.132096284796809],[20.740533995522757,60.111713004610905],[20.74109087896435,60.095534651474175],[20.729750752869933,60.08410237893046]]]]}},
{"type":"Feature","properties":{"id":255,"kunta":"768","vuosi":2026,"nimi":"Sulkava","namn":"Sulkava","name":"Sulkava"},"geometry":{"type":"MultiPolygon","coordinates":[[[[28.37069210253733,61.924644685520214],[28.413908936090795,61.877941822309481],[28.499466668228003,61.837889757868034],[28.593839448527852,61.804508500234334],[28.602838831759527,61.751579402500148],[28.559402262274102,61.729515007441677],[28.625528808363658,61.684196426182773],[28.619481182868139,61.643206206469792],[28.85902607060029,61.605377381277314],[28.834050238233459,61.570073663462338],[28.956050178935346,61.540664166905721],[28.811777685916105,61.535776930075833],[28.571902375859921,61.599788342004473],[28.45830375866333,61.611017942677577],[28.392314097496456,61.668959201698854],[28.23487529218983,61.681660103124415],[28.176055089453371,61.71694120117391],[28.112230103833625,61.734455053807224],[28.187962281366783,61.763008951406576],[28.116985388532651,61.809342710396443],[28.125785750849506,61.852064534498652],[28.088783295053322,61.885281086781966],[28.156927041732356,61.920140465681257],[28.221653617661108,61.937574176229944],[28.37069210253733,61.924644685520214]]]]}},
{"type":"Feature","properties":{"id":256,"kunta":"771","vuosi":2026,"nimi":"Sund","namn":"Sund","name":"Sund"},"geometry":{"type":"MultiPolygon","coordinates":[[[[20.02505227855308,60.218590091487322],[20.023995833715183,60.230576485553513],[20.204077171235074,60.313986277363924],[20.206032775241471,60.31109557689232],[20.207810740508055,60.308664721420548],[20.245477093245277,60.286363410685382],[20.260375434063818,60.269738818647333],[20.269786865119201,60.236262717224783],[20.259850686671946,60.219453331935455],[20.242239726793638,60.199548059750498],[20.191056186400385,60.196827797222959],[20.158126583724332,60.185576429476157],[20.1281626459369,60.185280557193728],[20.09537974922619,60.198343350551241],[20.052630943014613,60.218982996560527],[20.036023229952544,60.218738694688604],[20.02505227855308,60.218590091487322]]]]}},
{"type":"Feature","properties":{"id":257,"kunta":"777","vuosi":2026,"nimi":"Suomussalmi","namn":"Suomussalmi","name":"Suomussalmi"},"geometry":{"type":"MultiPolygon","coordinates":[[[[29.754713953518486,65.497365689437189],[29.733048144242758,65.472500423420058],[29.727393291125953,65.40033010970096],[29.746579595675275,65.34740195539456],[29.609281789246761,65.275791891407593],[29.601787933280569,65.259932710465492],[29.634001783696075,65.231585054513602],[29.764102109406746,65.228891687404058],[29.885659081561815,65.206295318088095],[29.89358818094178,65.192970940631213],[29.819332825624347,65.144278224226142],[29.852780965866387,65.127246533499132],[29.896858900740671,65.105139664358731],[29.830937351736104,65.091922327072353],[29.732667645547622,65.091294385622191],[29.626975727572219,65.060596922560819],[29.599333112481027,64.99505584073826],[29.619184781935608,64.959659035488798],[29.615221060428439,64.917456997686486],[29.644907353750231,64.866492988263545],[29.699703030379883,64.837223429108334],[29.687502596559643,64.818808940189967],[29.739628297213052,64.789783632943497],[30.042929916103873,64.792880735814009],[30.086509605980503,64.773988168218366],[30.091067700972218,64.764953139172334],[30.041396500166631,64.74119342181497],[30.053658904059571,64.713028395320904],[30.135837486533575,64.648999562262503],[30.130109008642005,64.634728727860491],[30.11898934473594,64.625914948950509],[30.054327847285027,64.615266696035505],[29.989400102946558,64.5876221968674],[29.622286542879174,64.635363618320696],[29.506436820065943,64.615726469488678],[29.45945575511487,64.566291243885019],[29.1169871513031,64.672248165150364],[28.807968946959186,64.704952354126462],[28.294301348805075,64.898374908762818],[28.260889269353463,65.006738330688677],[28.128863195614109,65.07704891308282],[28.220063894418853,65.15751437204797],[28.198542179763198,65.204660517817743],[27.995641939579269,65.2211973002657],[28.162380222987004,65.250348676914768],[28.608570676896669,65.286678384012731],[28.646916867522755,65.389338008154198],[28.955528137880378,65.44737907217727],[29.116109207083515,65.447566635504316],[29.213217516571774,65.51847740487851],[29.396165458929982,65.503402078054165],[29.548355111494825,65.50593999721147],[29.754713953518486,65.497365689437189]]]]}},
{"type":"Feature","properties":{"id":258,"kunta":"778","vuosi":2026,"nimi":"Suonenjoki","namn":"Suonenjoki","name":"Suonenjoki"},"geometry":{"type":"MultiPolygon","coordinates":[[[[27.482517654388591,62.705791327593907],[27.529794630958921,62.626754043201458],[27.449879648772214,62.614145591015962],[27.460179630182331,62.553329055127023],[27.408508822240975,62.503886123995557],[27.342704788456029,62.503482523604738],[27.224906049259296,62.480036460907279],[27.190200210387918,62.460854990059858],[27.116139922577098,62.484970568812294],[27.053049251302124,62.47985859411687],[26.949173798577657,62.476425955135014],[26.87947801418473,62.485512647580393],[26.912265892283649,62.556396655362455],[26.889358676626941,62.585797357804907],[26.950648730756015,62.624105297967894],[26.842140833943343,62.804590950381744],[26.908946544732139,62.849945784315075],[27.011976345521983,62.756052583507056],[27.117060019491635,62.763277916089258],[27.275748045707825,62.702440284080666],[27.482517654388591,62.705791327593907]]]]}},
{"type":"Feature","properties":{"id":259,"kunta":"781","vuosi":2026,"nimi":"Sysmä","namn":"Sysmä","name":"Sysmä"},"geometry":{"type":"MultiPolygon","coordinates":[[[[25.771178593284496,61.685066748793332],[25.883221603903984,61.639467736727276],[25.857745855515155,61.575179673516267],[25.961888054417898,61.542571652755846],[25.870047738123521,61.478479793050134],[25.975901111539464,61.430821341467684],[26.049631246182621,61.477967547551479],[26.172951343561131,61.392893745955895],[25.903405697349633,61.373999921130995],[25.80746513794228,61.313399669497137],[25.741788527371423,61.364627517943582],[25.545158601784749,61.329175868475339],[25.471203909296133,61.404640902487273],[25.490604550835457,61.438276958628691],[25.437427145201788,61.486906148111778],[25.499445065905398,61.618506082401268],[25.501333310991978,61.676858630942391],[25.608424217879811,61.680692293235637],[25.690126704815032,61.714125725264459],[25.771178593284496,61.685066748793332]]]]}},
{"type":"Feature","properties":{"id":260,"kunta":"783","vuosi":2026,"nimi":"Säkylä","namn":"Säkylä","name":"Säkylä"},"geometry":{"type":"MultiPolygon","coordinates":[[[[22.480341353976513,61.170623259226495],[22.559064459505343,61.103727158944181],[22.597561566960824,61.015413158044382],[22.701544483036976,60.986935521929865],[22.522465859487937,60.976401149328346],[22.586239535982578,60.938790284838646],[22.263631914334141,60.926863484976856],[22.236133241820603,61.108552382997459],[22.217585598561534,61.155074146796963],[22.141903573473552,61.211212822381491],[22.176204842006207,61.251940625464599],[22.27781934921072,61.193998199478287],[22.480341353976513,61.170623259226495]]]]}},
{"type":"Feature","properties":{"id":261,"kunta":"785","vuosi":2026,"nimi":"Vaala","namn":"Vaala","name":"Vaala"},"geometry":{"type":"MultiPolygon","coordinates":[[[[27.396980797669617,64.571884626948716],[27.185076639379218,64.455890118899774],[27.251233684887492,64.399045617046283],[27.187766414503884,64.310323814124615],[27.040635951973442,64.292093732692507],[26.941675378784378,64.327065015021006],[26.817625699320327,64.298781707410299],[26.76749964268063,64.265165540875557],[26.68797763252406,64.308892226864714],[26.54586648237958,64.32001284034115],[26.485014704108387,64.399339330436021],[26.291105954353402,64.479063859165151],[26.461583101059396,64.565052429663766],[26.579628478991349,64.569140163469086],[26.65325951476154,64.63057266638404],[26.840530658952211,64.661878450314404],[26.908282652753719,64.759089340176502],[27.1480915280133,64.835287376675026],[27.253566596216629,64.735590449158082],[27.239627670995493,64.70034657044242],[27.308024233840857,64.616034509976728],[27.396980797669617,64.571884626948716]]]]}},
{"type":"Feature","properties":{"id":262,"kunta":"790","vuosi":2026,"nimi":"Sastamala","namn":"Sastamala","name":"Sastamala"},"geometry":{"type":"MultiPolygon","coordinates":[[[[22.824068524608318,61.675139307046443],[22.8527297383636,61.624704913790417],[22.939183546653936,61.587020072027549],[23.026593283652588,61.60065766282036],[23.074274339148356,61.544246489466246],[23.193788259912239,61.537756035062039],[23.203350256845795,61.474441750555329],[23.171146358714772,61.436132716255116],[23.202292860303338,61.376732229363157],[23.220749138810959,61.328405047652296],[23.287330989860159,61.289551415110076],[23.279278967724672,61.238253843688462],[23.272881390527264,61.221125340167781],[23.005476626480469,61.185553977474946],[22.934220208943298,61.204976340799909],[22.856060971011082,61.235842658410611],[22.645436053251281,61.246620377435214],[22.599107829173786,61.301979667911375],[22.559454252125605,61.330915285130182],[22.57423113778389,61.396878925054438],[22.43416186190581,61.488922672757191],[22.582482450749726,61.54830606453541],[22.696052060457458,61.599764320682254],[22.704272560289773,61.623874094433475],[22.724929966175313,61.644961304584349],[22.689524362581192,61.674936842283621],[22.647174002526185,61.696501265580395],[22.691008642394191,61.702547179402671],[22.763830936427262,61.694365527530692],[22.824068524608318,61.675139307046443]]]]}},
{"type":"Feature","properties":{"id":263,"kunta":"791","vuosi":2026,"nimi":"Siikalatva","namn":"Siikalatva","name":"Siikalatva"},"geometry":{"type":"MultiPolygon","coordinates":[[[[26.291105954353402,64.479063859165151],[26.485014704108387,64.399339330436021],[26.54586648237958,64.32001284034115],[26.68797763252406,64.308892226864714],[26.76749964268063,64.265165540875557],[26.770870945470062,64.216023506568234],[26.397395441501448,64.228896662215277],[26.321923510188221,64.200636387773855],[26.292369944596413,64.160656255208821],[26.142274271083572,64.135590960199963],[26.226985629514562,64.090639423661557],[26.188824130673517,63.995108109668067],[25.777300917620472,64.110644002652464],[25.547200549447396,64.248776058802079],[25.462926651379775,64.362578442230074],[25.420951722470839,64.415805580403287],[25.482885207788929,64.428017096405085],[25.476886422063085,64.50079892237558],[25.379547989670154,64.561503113598746],[25.520269460152662,64.628942520782445],[25.739934658856065,64.517682999783958],[25.910699556648119,64.543539801320421],[26.216671606416451,64.462682284450565],[26.291105954353402,64.479063859165151]]]]}},
{"type":"Feature","properties":{"id":264,"kunta":"831","vuosi":2026,"nimi":"Taipalsaari","namn":"Taipalsaari","name":"Taipalsaari"},"geometry":{"type":"MultiPolygon","coordinates":[[[[28.397944570504997,61.284686929512304],[28.302200757052098,61.240580432573083],[28.315694636205812,61.20848927123847],[28.409193090223795,61.176206776187776],[28.331154042214365,61.129411911339766],[28.195237298637256,61.101379032990209],[28.069049343824624,61.112551832420777],[28.052501430186343,61.083289612379858],[27.99111136080931,61.061528194398903],[27.93447534892762,61.130703384792838],[27.861427865173741,61.154851909346633],[27.784236449562361,61.163676301173574],[27.8086646758684,61.213760097349365],[27.754189065117981,61.240687428208787],[27.753922808922432,61.264212373434567],[27.844026743485916,61.253937742501066],[27.842397662050701,61.299242452856568],[27.931155283097844,61.350392899626108],[28.252197920459253,61.379686546155909],[28.397944570504997,61.284686929512304]]]]}},
{"type":"Feature","properties":{"id":272,"kunta":"848","vuosi":2026,"nimi":"Tohmajärvi","namn":"Tohmajärvi","name":"Tohmajärvi"},"geometry":{"type":"MultiPolygon","coordinates":[[[[30.789182002666752,62.250802842936487],[30.720302201320308,62.208876131547072],[30.657049517323088,62.208903782885166],[30.628674561378375,62.188775749319973],[30.635771792982272,62.173650294997138],[30.60285921386016,62.141772006234078],[30.483086874062877,62.06384394289784],[30.404611446412865,62.070517326313514],[30.301182837016693,62.128805733175803],[30.208999325058443,62.15667047670982],[30.188092316951916,62.235682498385053],[30.005086545867748,62.244304499040787],[29.963392733243815,62.283389012013565],[30.015979143870691,62.308106737388727],[30.011659210176784,62.341475852611012],[29.949640908609673,62.370253359887542],[30.240734258322671,62.416349278765558],[30.277005290274786,62.350004332236537],[30.357037209009217,62.359527895174722],[30.407135372604984,62.337183763092121],[30.569993384736506,62.372566433894562],[30.722965939076897,62.329609376018873],[30.789182002666752,62.250802842936487]]]]}},
{"type":"Feature","properties":{"id":273,"kunta":"849","vuosi":2026,"nimi":"Toholampi","namn":"Toholampi","name":"Toholampi"},"geometry":{"type":"MultiPolygon","coordinates":[[[[24.618713972937936,63.650888014444362],[24.408546737361632,63.566004731874912],[24.330819338659818,63.6010937428467],[24.227697251691023,63.64736733867538],[23.985213939981943,63.75625525340655],[24.016525502265615,63.83176013569296],[24.110831256689046,63.871262111880156],[24.247452259348378,63.876949483079443],[24.425522528319018,63.840073163330977],[24.618713972937936,63.650888014444362]]]]}},
{"type":"Feature","properties":{"id":274,"kunta":"850","vuosi":2026,"nimi":"Toivakka","namn":"Toivakka","name":"Toivakka"},"geometry":{"type":"MultiPolygon","coordinates":[[[[26.315948111866071,62.200470678543923],[26.220722544400065,62.118561693831467],[26.331673524659461,62.0367892603523],[26.163312948089793,62.038480337348879],[26.116097830300689,61.996596375892835],[26.050724025488126,62.03335162696122],[25.976455836739813,62.035827319644405],[25.951446644058159,61.997468178024334],[25.767989107301887,62.06355418989974],[25.795206628009133,62.094439421365827],[25.839612454397052,62.127769341289408],[25.960900123686923,62.074654561722809],[25.960320862728665,62.158418975814946],[26.048622298359152,62.181278518204543],[26.134205119941527,62.235863876680078],[26.315948111866071,62.200470678543923]]]]}},
{"type":"Feature","properties":{"id":275,"kunta":"851","vuosi":2026,"nimi":"Tornio","namn":"Torneå","name":"Tornio"},"geometry":{"type":"MultiPolygon","coordinates":[[[[24.509555704001148,66.030442882554922],[24.525151636604985,65.861421531358346],[24.43619311098432,65.767163444798129],[24.34715291685831,65.785958101430708],[24.284706149663233,65.814389205368087],[24.267689002762474,65.818035268300832],[24.24532897051068,65.812249320974487],[24.200377448799209,65.774903658216729],[24.137796566827472,65.779389483012793],[24.12940426435636,65.778507552562786],[24.123592392569297,65.789065877963807],[24.150530092749975,65.812811967790509],[24.159598322737633,65.852736049435791],[24.118975691028471,65.896314589696033],[24.116584921656433,65.929049840936884],[24.079749236899513,65.938257879379606],[24.039945979608895,65.964936572724795],[24.050572254162667,65.995119945364706],[23.996865205720383,66.035058476260048],[23.94668091419879,66.069797160558295],[23.942696235100552,66.102151384331549],[23.921641548349633,66.131647897523479],[23.927548903740924,66.151859214841394],[23.891862031102228,66.167670192678813],[23.916567517306419,66.205967910581677],[24.088420569794842,66.228125839543267],[24.791824681838154,66.332235707644656],[24.494078330206886,66.185763540313374],[24.509555704001148,66.030442882554922]]]]}},
{"type":"Feature","properties":{"id":276,"kunta":"853","vuosi":2026,"nimi":"Turku","namn":"Åbo","name":"Turku"},"geometry":{"type":"MultiPolygon","coordinates":[[[[22.445711579570357,60.640907194774449],[22.365284915236941,60.478312976222796],[22.362995123841827,60.430060026795147],[22.274215968402604,60.402617577775544],[22.306318330341295,60.367489818228293],[22.276831635154547,60.359324096083753],[22.240206662327449,60.350986118820963],[22.200817537737009,60.355327470908939],[22.168881309615642,60.366307547217168],[22.141609367112576,60.366571212639357],[22.122081152775909,60.368462796930274],[22.110441204784667,60.373429790265213],[22.103228583657245,60.383954364939399],[22.116769156056975,60.419611138445177],[22.116036271828943,60.431968164625296],[22.105089139610392,60.439551846631147],[22.107843032922673,60.447939572910478],[22.198650876155373,60.46200814522463],[22.245861256685647,60.505020151651117],[22.264917797081264,60.51755287128114],[22.388022610016545,60.630480492792401],[22.415003582268326,60.737293601325753],[22.445711579570357,60.640907194774449]]]]}},
{"type":"Feature","properties":{"id":277,"kunta":"854","vuosi":2026,"nimi":"Pello","namn":"Pello","name":"Pello"},"geometry":{"type":"MultiPolygon","coordinates":[[[[24.870206405868526,66.937877140758545],[24.988052006494787,66.754377417112252],[24.846070915504246,66.765713391421443],[24.739615538819535,66.753559804608443],[24.658213086555101,66.710171785397804],[24.526666043271277,66.628114358538738],[24.323164446478941,66.597917786881169],[24.299814551362307,66.55001770020688],[24.227047864474653,66.534165017272954],[24.185888868793683,66.512543508698428],[24.096910003257538,66.499194151018955],[23.945380366133303,66.465421075047928],[23.797080098680826,66.521116850292842],[23.790160450046944,66.538173951086591],[23.85372320575966,66.556287732186746],[23.878270721631733,66.582969184845439],[23.866042042890694,66.653987746117338],[23.888367400229701,66.683046314311653],[23.898957676501542,66.715111143964123],[23.879574978709787,66.763243572588834],[23.91209276462785,66.793024393779064],[23.961045305067202,66.784992713844616],[23.995348403567778,66.82120009866513],[23.935536497404051,66.883208237444975],[23.864933719951434,66.919524334356552],[23.860434641730773,66.951570044020968],[23.78438360676947,66.996929396132984],[24.158750140365836,67.009522614760385],[24.870206405868526,66.937877140758545]]]]}},
{"type":"Feature","properties":{"id":278,"kunta":"857","vuosi":2026,"nimi":"Tuusniemi","namn":"Tuusniemi","name":"Tuusniemi"},"geometry":{"type":"MultiPolygon","coordinates":[[[[28.744411849861024,62.812376949690481],[28.717012210988607,62.773325196704782],[28.632706426386225,62.743977334934037],[28.702879540042193,62.694261099570127],[28.655149547577313,62.657021681091791],[28.611987793103133,62.594566262665396],[28.466973020153116,62.583162657700782],[28.360788522832824,62.612419833210375],[28.312090518927743,62.651528852036208],[28.371299945338198,62.702152564147582],[28.293752268599427,62.761267022321817],[28.33509964533199,62.815842085096584],[28.230623194866002,62.823756442896048],[28.166692634298798,62.876499020494165],[28.299759827733837,62.897678931591855],[28.248952012412762,62.946308838329216],[28.33927169805478,62.945990907578846],[28.385947343172138,62.963860939489159],[28.658105479562316,62.885199860257949],[28.744411849861024,62.812376949690481]]]]}},
{"type":"Feature","properties":{"id":279,"kunta":"858","vuosi":2026,"nimi":"Tuusula","namn":"Tusby","name":"Tuusula"},"geometry":{"type":"MultiPolygon","coordinates":[[[[25.128145904171955,60.528528653055794],[25.030989625315996,60.5120837748496],[25.044459404629009,60.44756105506837],[25.18070861885132,60.460857273252834],[25.176826043482542,60.441085741366045],[25.05149242774856,60.425932930424509],[25.056011590942276,60.375906463021934],[25.037645441982871,60.342303267298902],[24.954591484795912,60.332448919947794],[24.868939147944271,60.401254863464914],[24.974392016434045,60.520898058145285],[24.912163088550752,60.555624788560884],[25.045343265496069,60.576863253430425],[25.128145904171955,60.528528653055794]]]]}},
{"type":"Feature","properties":{"id":280,"kunta":"859","vuosi":2026,"nimi":"Tyrnävä","namn":"Tyrnävä","name":"Tyrnävä"},"geometry":{"type":"MultiPolygon","coordinates":[[[[25.750454476846922,64.888998221326688],[25.99410595143636,64.717878356301938],[25.99807511560293,64.677020752073688],[25.929262589230909,64.646555196535033],[26.07505324448729,64.581631089907404],[25.974498897244462,64.566220107873761],[25.75590304971934,64.662310759159823],[25.707298901443945,64.639426698239276],[25.771300492125576,64.604633148426458],[25.725799972830345,64.582598123339068],[25.604465839228482,64.64813006800307],[25.501053443337074,64.70685159221],[25.607980406208306,64.726477421754382],[25.527831748615899,64.806765025453146],[25.555334113717784,64.848873006765544],[25.655339113592238,64.84684728879995],[25.728301485722877,64.904455480228151],[25.750454476846922,64.888998221326688]]]]}},
{"type":"Feature","properties":{"id":281,"kunta":"886","vuosi":2026,"nimi":"Ulvila","namn":"Ulvsby","name":"Ulvila"},"geometry":{"type":"MultiPolygon","coordinates":[[[[22.43416186190581,61.488922672757191],[22.288593880719432,61.41921060207801],[22.205018623124559,61.40739765208312],[22.166125871925171,61.405461095442362],[22.028275780491889,61.420750670389197],[21.803713056037974,61.385145669372911],[21.884117783996153,61.503815739837847],[21.935523164203094,61.535330723781563],[22.097050723984967,61.573250509230924],[22.241986788557099,61.572182435970525],[22.43416186190581,61.488922672757191]]]]}},
{"type":"Feature","properties":{"id":282,"kunta":"887","vuosi":2026,"nimi":"Urjala","namn":"Urjala","name":"Urjala"},"geometry":{"type":"MultiPolygon","coordinates":[[[[23.542116331746502,61.20530155057142],[23.494138605587111,61.149051839428822],[23.650319542287971,61.119980467606041],[23.68831493358185,61.076109256632662],[23.756756711910768,61.057355151932455],[23.79261464979913,61.025175869065052],[23.815408055462793,61.000660775746788],[23.856574594893015,60.971536222347837],[23.839370064580276,60.939705826084101],[23.712336949982404,61.009033531754966],[23.550512024905032,60.991467349934524],[23.474091075854751,60.963467931643237],[23.362461609095181,61.014516372679338],[23.259984769272666,61.018553975595403],[23.288112427853349,61.057582273887462],[23.252674693026279,61.104605008261736],[23.383360162406181,61.130765648393933],[23.257756160578367,61.18255211524049],[23.272881390527264,61.221125340167781],[23.279278967724672,61.238253843688462],[23.387804213074727,61.23299876910216],[23.418782437566527,61.200045824241329],[23.542116331746502,61.20530155057142]]]]}},
{"type":"Feature","properties":{"id":283,"kunta":"889","vuosi":2026,"nimi":"Utajärvi","namn":"Utajärvi","name":"Utajärvi"},"geometry":{"type":"MultiPolygon","coordinates":[[[[27.32988377601901,65.090660183547456],[27.262503917570246,65.027339860255651],[27.385751536524925,64.959014575183218],[27.402639603545794,64.855246034804708],[27.354356388140321,64.81198893412801],[27.1480915280133,64.835287376675026],[26.908282652753719,64.759089340176502],[26.840530658952211,64.661878450314404],[26.65325951476154,64.63057266638404],[26.579628478991349,64.569140163469086],[26.461583101059396,64.565052429663766],[26.455144920218526,64.621954073660788],[26.315765506364329,64.595080724896803],[26.238989019135538,64.639093884042481],[26.388281084709892,64.659250331717146],[26.291510256874403,64.749233525396974],[26.183312193587863,64.817903312057382],[26.195244923650346,64.839411141900129],[26.373231465112511,64.793963549870682],[26.394312752497235,64.844415847495625],[26.499712657036948,64.85947065934495],[26.560452279694179,64.90694029009029],[26.661558341697205,64.89163549089001],[26.768424180898414,64.952759714574015],[26.610575097408901,65.053969677593813],[26.628615839718844,65.097048472887039],[27.004694340540642,65.106824088681918],[27.32988377601901,65.090660183547456]]]]}},
{"type":"Feature","properties":{"id":284,"kunta":"890","vuosi":2026,"nimi":"Utsjoki","namn":"Utsjoki","name":"Utsjoki"},"geometry":{"type":"MultiPolygon","coordinates":[[[[28.330476117571294,69.849192538296023],[27.886781162276364,69.565323187753265],[27.315452340649276,69.485970176036815],[25.738374212963503,69.147580100461226],[25.694595383399289,69.195040078729306],[25.702039898173812,69.253662301438396],[25.732913880423478,69.265385491137309],[25.737764898348072,69.31057718330058],[25.758701803954636,69.330823531453277],[25.846647633793957,69.393835112746174],[25.803384049097048,69.41938885299308],[25.848567577427577,69.471716054707102],[25.850423569774918,69.497199074394914],[25.875746571020141,69.522223548690874],[25.844249563608304,69.550182530317329],[25.928600752557816,69.571821688051216],[25.976576539198362,69.610242883659794],[25.958606455064061,69.641249148076639],[25.891870154997413,69.664845252203719],[26.000455126026633,69.719683409172845],[26.107294370932696,69.730320169163818],[26.230977751228075,69.792003323294693],[26.24161026871845,69.81239780125955],[26.385022383610316,69.854869162642359],[26.414218345894852,69.879073125435411],[26.407538369001024,69.901481979451617],[26.455092696051931,69.918699142259385],[26.471616576563232,69.940478070144934],[26.55355412892737,69.948103940203268],[26.678685770327107,69.964772095066351],[26.718291131687572,69.945260283588425],[26.793879140322691,69.958787088928716],[26.848672306217246,69.960195535745626],[26.878707992108986,69.933337862576451],[26.969772046356596,69.938475493244553],[27.041813209736354,69.910821818465863],[27.137529224025105,69.932614604120786],[27.300665426449314,69.954732613451412],[27.276809731514494,69.978382956924619],[27.305997286719453,69.988904431986228],[27.351621518440552,69.990569203388546],[27.415190314771493,70.016456220000151],[27.525986791731953,70.023463795847164],[27.554296224726247,70.058983743825564],[27.612455392309958,70.07456025189235],[27.68125694996586,70.077220980942442],[27.743789331692383,70.06416124103211],[27.807411649083544,70.077039766063265],[27.959381414312954,70.092099729739545],[27.984285246606017,70.013970664067244],[28.160712769569965,69.920993683525694],[28.345268047273642,69.880832120007966],[28.330476117571294,69.849192538296023]]]]}},
{"type":"Feature","properties":{"id":285,"kunta":"892","vuosi":2026,"nimi":"Uurainen","namn":"Uurainen","name":"Uurainen"},"geometry":{"type":"MultiPolygon","coordinates":[[[[25.695150685747738,62.491503958417098],[25.579133273669946,62.428745571884733],[25.489850511212016,62.39762092710734],[25.28541089203576,62.389180684528995],[25.124827489330652,62.42702205842631],[25.194984248459647,62.534619276887156],[25.25191308575803,62.537650595588559],[25.406071193577898,62.520826206209101],[25.483862806382149,62.547053399752748],[25.626866024926908,62.554738964994755],[25.695150685747738,62.491503958417098]]]]}},
{"type":"Feature","properties":{"id":286,"kunta":"893","vuosi":2026,"nimi":"Uusikaarlepyy","namn":"Nykarleby","name":"Nykarleby"},"geometry":{"type":"MultiPolygon","coordinates":[[[[22.539402609208139,63.61076118937607],[22.842825548224258,63.506052054665574],[22.833946877164319,63.473738711658591],[22.877219430179938,63.391709195156359],[22.971599682258574,63.372265635902188],[22.945259782773999,63.328276618663999],[22.735608379995721,63.358959338835426],[22.616559788601261,63.282048039888608],[22.540383021257952,63.336151338876128],[22.363504410098592,63.345779890795768],[22.352068280899346,63.35820616335225],[22.320177480713173,63.386826210101177],[22.28052658909705,63.423184728934373],[22.233979022011301,63.44725829963383],[22.212677244993674,63.465334578130424],[22.208355636828038,63.471932160603444],[22.230537094181912,63.483552184616933],[22.281483112059504,63.486771714586936],[22.297496833012914,63.499435094762504],[22.294864474487873,63.514180851944211],[22.296674529356075,63.538601373586253],[22.311604416685611,63.558058407899125],[22.33367426922355,63.571004367235929],[22.348282361864499,63.574176177571218],[22.36420525934663,63.569299093307123],[22.386576298339488,63.545752198664516],[22.41384033804891,63.545369885512734],[22.430576798640438,63.554084402096407],[22.424987672644527,63.58761199529021],[22.434664502179331,63.601492765297237],[22.454468027538372,63.610211248680812],[22.481140815986162,63.615188625037497],[22.492480384436266,63.623392633965338],[22.539402609208139,63.61076118937607]]]]}},
{"type":"Feature","properties":{"id":287,"kunta":"895","vuosi":2026,"nimi":"Uusikaupunki","namn":"Nystad","name":"Uusikaupunki"},"geometry":{"type":"MultiPolygon","coordinates":[[[[21.412309022133524,60.945851360518525],[21.403036401445412,60.922459770898342],[21.433818272999702,60.878998191274832],[21.505549692763115,60.883510302327629],[21.561426620683484,60.84055879917431],[21.703427997755636,60.81704663234224],[21.732009137050991,60.759291340396288],[21.558658490321335,60.739958318164469],[21.523897842970865,60.667381981523249],[21.588737425842712,60.621311769220455],[21.435291381966334,60.623322609256448],[21.426523730563382,60.63409975056468],[21.410942766147024,60.653151552706881],[21.366872711192315,60.683959445653834],[21.353077549263279,60.71441838894215],[21.357075885077212,60.737620918554079],[21.348585998019516,60.753457977928868],[21.323012428646411,60.771180286804196],[21.308098004351727,60.821924697242082],[21.290184230288418,60.842757555954968],[21.303545177226766,60.86087221881899],[21.324548676453578,60.86725173830969],[21.328851508671079,60.87418211749258],[21.324146215871334,60.880911323291535],[21.304531865103748,60.885298562721978],[21.290381531767441,60.885956641233392],[21.237834872598775,60.899816592950721],[21.216701674149579,60.908355802854366],[21.20307760947534,60.921266054997623],[21.215616189729655,60.928556051],[21.287085704209364,60.933146220082129],[21.299151906690927,60.943196969184363],[21.296082894398339,60.959263064107894],[21.286371964191741,60.96694866488081],[21.259224832731572,60.977849187560267],[21.25134423122493,60.989660121283748],[21.279728219247403,61.001758733958845],[21.299206837933884,61.002675962304643],[21.319662865286141,60.99814295951348],[21.324979979252273,60.998457464682296],[21.349142819266785,60.98867803454543],[21.397908778634704,60.951671281550887],[21.412309022133524,60.945851360518525]]]]}},
{"type":"Feature","properties":{"id":288,"kunta":"905","vuosi":2026,"nimi":"Vaasa","namn":"Vasa","name":"Vaasa"},"geometry":{"type":"MultiPolygon","coordinates":[[[[22.24232257022323,63.063726477542957],[22.143973112681252,62.963107316688308],[21.912105750342757,63.048764611687247],[22.050676968598591,63.136980942533839],[22.24232257022323,63.063726477542957]]],[[[21.814374179550981,63.111526006928187],[21.828894351395618,63.061673580975217],[21.772322523785473,63.037706671737418],[21.637478843452655,63.063327565844084],[21.563075411382698,62.984828347205308],[21.442074387016582,63.013002502695251],[21.436349386011859,63.024323748540063],[21.412942085955201,63.036894034936033],[21.406527502132736,63.039339018171326],[21.397694716888171,63.038898698500716],[21.365665387226592,63.049769947055005],[21.362872041458949,63.063154439617094],[21.369912412304419,63.072882454664644],[21.38632088096395,63.080373345580682],[21.410907556488905,63.077389505930185],[21.430686163077535,63.067374544822499],[21.447440011316822,63.058587785858634],[21.480095540921486,63.059958007975908],[21.515454532454935,63.062774993346956],[21.555280046106432,63.057659117816534],[21.584541418061875,63.060223466683716],[21.594609815330703,63.070054182700979],[21.587948485790371,63.088779259477377],[21.567776965353531,63.100059366052825],[21.503697941402354,63.121781918927489],[21.4896283816073,63.132029914357183],[21.490353244697129,63.142853556299329],[21.510724062384913,63.161277292307368],[21.517709140469194,63.17104731560562],[21.653659910581805,63.147694915502861],[21.697652952446145,63.116159016971018],[21.754977733244637,63.117251686640714],[21.814374179550981,63.111526006928187]]]]}},
{"type":"Feature","properties":{"id":289,"kunta":"908","vuosi":2026,"nimi":"Valkeakoski","namn":"Valkeakoski","name":"Valkeakoski"},"geometry":{"type":"MultiPolygon","coordinates":[[[[24.079139117941732,61.330483628053841],[24.08839845927173,61.291130844464881],[24.302385246570584,61.233216077424181],[24.297273137593763,61.191581114746135],[24.235499603123369,61.15143135158749],[23.958283897552622,61.101929457941132],[23.921086026059857,61.130884306348989],[23.95901408762526,61.184141436609437],[23.811447606730031,61.230711742164615],[23.957771294713659,61.331348604890934],[24.079139117941732,61.330483628053841]]]]}},
{"type":"Feature","properties":{"id":290,"kunta":"915","vuosi":2026,"nimi":"Varkaus","namn":"Varkaus","name":"Varkaus"},"geometry":{"type":"MultiPolygon","coordinates":[[[[28.315004237356565,62.354552625545502],[28.437760850426947,62.346336414594177],[28.437926464229779,62.316843469726187],[28.562458686140193,62.294369949542912],[28.652808235810053,62.231323003693689],[28.597476399163547,62.149620083997469],[28.50447510811281,62.201522957456156],[28.389078598679141,62.214380650907046],[28.048921817445198,62.235292677270742],[27.891874402243555,62.290022166832998],[27.833057455642159,62.278197135651894],[27.740369180645523,62.323131635368526],[27.757958702634962,62.367394354205516],[27.82630960285811,62.353135522281967],[27.912520740891704,62.380506361984644],[28.031696648662926,62.295484422825155],[28.224374613677362,62.349325559725266],[28.315004237356565,62.354552625545502]]]]}},
{"type":"Feature","properties":{"id":291,"kunta":"918","vuosi":2026,"nimi":"Vehmaa","namn":"Vemo","name":"Vehmaa"},"geometry":{"type":"MultiPolygon","coordinates":[[[[21.798820580613324,60.738462673420905],[21.783086828439714,60.614589881911328],[21.750683805439845,60.606048937914707],[21.734588117638484,60.599298209822372],[21.730321847611915,60.597420726539603],[21.722679500072005,60.593961616524545],[21.674952104893084,60.620680077532391],[21.588737425842712,60.621311769220455],[21.523897842970865,60.667381981523249],[21.558658490321335,60.739958318164469],[21.732009137050991,60.759291340396288],[21.798820580613324,60.738462673420905]]]]}},
{"type":"Feature","properties":{"id":292,"kunta":"921","vuosi":2026,"nimi":"Vesanto","namn":"Vesanto","name":"Vesanto"},"geometry":{"type":"MultiPolygon","coordinates":[[[[26.543630671841683,62.99881354264339],[26.681346020431711,62.898177843241619],[26.667202065265698,62.849158717027457],[26.634585342577328,62.810098959386565],[26.538321578778305,62.820095860501226],[26.446560232981131,62.789173125376955],[26.356160937666314,62.747409904670761],[26.15177405957505,62.846841009290593],[26.165399730698333,62.872526608388661],[26.068242237986851,62.889408049786553],[26.039837790744489,62.936110531955535],[26.124313433350942,62.952945172038767],[26.222123020763792,62.954400048294836],[26.272666856943626,62.925060371121418],[26.332551449712597,62.983569391677513],[26.222573201575603,63.025873930176694],[26.334274113876695,63.035089484800721],[26.543630671841683,62.99881354264339]]]]}},
{"type":"Feature","properties":{"id":293,"kunta":"922","vuosi":2026,"nimi":"Vesilahti","namn":"Vesilahti","name":"Vesilahti"},"geometry":{"type":"MultiPolygon","coordinates":[[[[23.548336625494265,61.358298704453702],[23.672733535724912,61.312917516963402],[23.73713256681333,61.258979182424596],[23.690076978388852,61.214614476889018],[23.542116331746502,61.20530155057142],[23.418782437566527,61.200045824241329],[23.387804213074727,61.23299876910216],[23.279278967724672,61.238253843688462],[23.287330989860159,61.289551415110076],[23.220749138810959,61.328405047652296],[23.271294633699227,61.345878179119119],[23.343086992054477,61.340708304879996],[23.393168822696541,61.360741191628243],[23.477621428456288,61.396825487405003],[23.548336625494265,61.358298704453702]]]]}},
{"type":"Feature","properties":{"id":294,"kunta":"924","vuosi":2026,"nimi":"Veteli","namn":"Vetil","name":"Veteli"},"geometry":{"type":"MultiPolygon","coordinates":[[[[24.040818042464135,63.521541444996117],[24.091527612139842,63.495331187466746],[24.103056769666559,63.41259537909378],[24.164628733416375,63.331917658498789],[24.05202781695181,63.258144962415237],[23.862021241152817,63.277584446684884],[23.696988939988632,63.380320683328058],[23.657768133841511,63.482972835842716],[23.85906996951713,63.531571043931798],[23.942971916524765,63.497870501688645],[24.040818042464135,63.521541444996117]]]]}},
{"type":"Feature","properties":{"id":295,"kunta":"925","vuosi":2026,"nimi":"Vieremä","namn":"Vieremä","name":"Vieremä"},"geometry":{"type":"MultiPolygon","coordinates":[[[[27.119271141808067,63.990779380521552],[27.161218192921737,63.938798726705244],[27.250700789642732,63.915069754100458],[27.25611817890147,63.887001803995823],[27.357579265494302,63.827426679144111],[27.349468533338275,63.788267618814871],[27.209981921988287,63.724653458698789],[27.260958638432307,63.688839069646995],[27.208943145553789,63.651321793820181],[27.072439640677061,63.660713027689148],[27.015326252210265,63.616477604290388],[26.915245603186499,63.629094196969717],[26.828806608147481,63.666816958909735],[26.894741640193438,63.695333596947151],[26.826196256645201,63.767717310336756],[26.835611297141821,63.815368575743989],[26.73017899977874,63.815210171175586],[26.733630187978122,63.848491802016731],[26.758669214506043,63.885158722381682],[26.559394743141002,63.963688067709896],[26.87040219452475,64.036973832833311],[27.119271141808067,63.990779380521552]]]]}},
{"type":"Feature","properties":{"id":296,"kunta":"927","vuosi":2026,"nimi":"Vihti","namn":"Vichtis","name":"Vihti"},"geometry":{"type":"MultiPolygon","coordinates":[[[[24.648835852293693,60.516659030043961],[24.524838676909475,60.476786127941203],[24.627693918149436,60.359241407288273],[24.56267177816315,60.314084869350204],[24.524207484109507,60.313412428202206],[24.515568815746974,60.281291518924867],[24.417777472522818,60.294140602133005],[24.342485770927844,60.246198213033168],[24.305695635044415,60.294645468997146],[24.20813207953411,60.29870025925689],[24.204039004773627,60.362918302417455],[24.133963348118847,60.391843586893707],[24.17125416285463,60.484738183385183],[24.288067407346347,60.47546557438438],[24.464904468611344,60.504066319208455],[24.423680353445114,60.552491480718757],[24.548952137856602,60.559839790809669],[24.577250305286707,60.585801197850003],[24.648835852293693,60.516659030043961]]]]}},
{"type":"Feature","properties":{"id":297,"kunta":"931","vuosi":2026,"nimi":"Viitasaari","namn":"Viitasaari","name":"Viitasaari"},"geometry":{"type":"MultiPolygon","coordinates":[[[[26.141890947241745,63.274704395776311],[26.16351306177684,63.147041195027718],[26.218936319664071,63.089625662924654],[26.334274113876695,63.035089484800721],[26.222573201575603,63.025873930176694],[26.332551449712597,62.983569391677513],[26.272666856943626,62.925060371121418],[26.222123020763792,62.954400048294836],[26.124313433350942,62.952945172038767],[26.039837790744489,62.936110531955535],[26.068242237986851,62.889408049786553],[25.922396846350704,62.876252943127902],[25.70768980689143,62.920742871599842],[25.683061041256881,62.954589498525607],[25.586666318107874,62.95982849463141],[25.519467077919369,62.987432947032076],[25.530450450813667,63.033459455212842],[25.37509485651082,63.099269223347278],[25.315859344638454,63.242473868880957],[25.30931762408262,63.278654206599143],[25.333469424013501,63.284312299697405],[25.647289431939281,63.245630811913827],[25.697293682931495,63.281234382572592],[25.869347200820492,63.27445460476752],[26.023508765781237,63.289830672422625],[26.141890947241745,63.274704395776311]]]]}},
{"type":"Feature","properties":{"id":298,"kunta":"934","vuosi":2026,"nimi":"Vimpeli","namn":"Vindala","name":"Vimpeli"},"geometry":{"type":"MultiPolygon","coordinates":[[[[24.05202781695181,63.258144962415237],[24.234480906666409,63.170698826009158],[24.170771051136249,63.14799834181121],[23.750387026334437,63.075485361336511],[23.715638349409144,63.111901184651444],[23.697946112223267,63.175325491633835],[23.860307651513953,63.217727889222857],[23.862021241152817,63.277584446684884],[24.05202781695181,63.258144962415237]]]]}},
{"type":"Feature","properties":{"id":299,"kunta":"935","vuosi":2026,"nimi":"Virolahti","namn":"Vederlax","name":"Virolahti"},"geometry":{"type":"MultiPolygon","coordinates":[[[[27.888741681372284,60.612942346961191],[27.873425294042192,60.604552310775347],[27.838515619625838,60.578470973051346],[27.847497278058214,60.561380284009992],[27.774414049041923,60.533576945155858],[27.774414660930859,60.533569755747386],[27.774409847835738,60.533573253125518],[27.728373774015154,60.514325139572541],[27.700718637075788,60.498227795584462],[27.684228665262442,60.492838385443079],[27.580169078434235,60.493061876022956],[27.539051154841584,60.503914666262695],[27.506125836396929,60.493183569477154],[27.473206890331767,60.468891877593187],[27.466822572496465,60.467388582246635],[27.462261612337617,60.46623768693803],[27.43215820348507,60.471633889236244],[27.399334974434193,60.50808524306445],[27.397878173630318,60.508224584950518],[27.397832114635747,60.517612529363809],[27.356569503249094,60.558773493088232],[27.388185349049213,60.602182664436015],[27.454678852322331,60.641097003030374],[27.487979431682181,60.616379542993421],[27.539857974778222,60.618190011092402],[27.533010650369366,60.656385325642454],[27.592299856299647,60.660186895567065],[27.696253879795972,60.621021533169497],[27.75410558905882,60.624555037599301],[27.820038295985274,60.654512859701839],[27.854273647550603,60.616339933922696],[27.888741681372284,60.612942346961191]]]]}},
{"type":"Feature","properties":{"id":300,"kunta":"936","vuosi":2026,"nimi":"Virrat","namn":"Virdois","name":"Virrat"},"geometry":{"type":"MultiPolygon","coordinates":[[[[24.013003208972052,62.363326371251148],[24.080775274547815,62.276405192724987],[24.211291897819095,62.252326175031328],[24.035510181117022,62.120955719458024],[23.85542666108207,62.170946092083661],[23.865946213357933,62.12883996430724],[23.78612064568641,62.088839551354987],[23.6806223578055,62.084436954175374],[23.580601076607177,62.096067133299982],[23.424002088534404,62.158110333730946],[23.217823352439812,62.334166699543474],[23.337763619776933,62.425083423679965],[23.464666051359451,62.386556056988105],[23.503407313617949,62.414640195147641],[23.66371328871044,62.408638018942206],[23.835230179565727,62.49433630622206],[23.887245443524815,62.459712631562454],[23.92421872211899,62.390621696804288],[24.013003208972052,62.363326371251148]]]]}},
{"type":"Feature","properties":{"id":301,"kunta":"941","vuosi":2026,"nimi":"Vårdö","namn":"Vårdö","name":"Vårdö"},"geometry":{"type":"MultiPolygon","coordinates":[[[[20.395194904968125,60.198282029044336],[20.379094939421229,60.197385611788391],[20.36977337699004,60.20232146258617],[20.365188308218237,60.211547553040759],[20.377323761731304,60.231159283455227],[20.378115751406742,60.240655265625804],[20.371650782434948,60.245734780618463],[20.345371772142464,60.253780698385668],[20.334024118531435,60.256991591843232],[20.340630101574014,60.275247196393401],[20.364544773448312,60.29139951221137],[20.387324456595646,60.300735545477451],[20.405647206831677,60.304351696225602],[20.425575462610773,60.300029973438342],[20.4311456937834,60.286798339863452],[20.415007940203175,60.272397439304847],[20.414384503251245,60.262910448760955],[20.435021358985502,60.255831802039836],[20.449186510907893,60.24032486464943],[20.433868237229383,60.221913968013638],[20.395194904968125,60.198282029044336]]],[[[20.429973174264596,60.331317507696468],[20.367775292547726,60.328126349186618],[20.320690643246916,60.330982840593052],[20.302877064391836,60.338098871571326],[20.296771040894249,60.352741172333268],[20.305913703260689,60.361309636470757],[20.329367054010206,60.366635706684022],[20.383443925869472,60.35736927330089],[20.403877114980848,60.3516339098299],[20.426533748666348,60.347446897046709],[20.43562004684237,60.343845055341539],[20.437238836575752,60.335820347285363],[20.429973174264596,60.331317507696468]]]]}},
{"type":"Feature","properties":{"id":302,"kunta":"946","vuosi":2026,"nimi":"Vöyri","namn":"Vörå","name":"Vörå"},"geometry":{"type":"MultiPolygon","coordinates":[[[[22.132140341315758,63.323346944384689],[22.162842233332004,63.320348329337527],[22.205761812514012,63.332768942040893],[22.221325972117889,63.330595379079703],[22.225755637041331,63.30512273763923],[22.213962985197409,63.287105916913482],[22.1891822457739,63.27404271142877],[22.168365381197297,63.271987875705186],[22.127130726448943,63.272647599501319],[22.112735453150698,63.273951360156616],[22.09262893845565,63.275955667596598],[22.064501447405103,63.281634983822158],[22.019188890951067,63.282661599453789],[21.988062732237594,63.288221207841268],[21.973377223350404,63.302539335950101],[21.995334463951941,63.314193967312178],[22.05262149001533,63.329864949216663],[22.091584024335319,63.331304173576683],[22.132140341315758,63.323346944384689]]],[[[22.616559788601261,63.282048039888608],[22.574634526357436,63.255814436385215],[22.597178539299293,63.213157300851137],[22.606627311543814,63.177319069109508],[22.650473871160184,63.153311350305685],[22.631652110180521,63.101917505912517],[22.24232257022323,63.063726477542957],[22.050676968598591,63.136980942533839],[21.958523677039626,63.262719226133505],[22.118253322662394,63.246089720289561],[22.127006743892462,63.245041784131352],[22.191101416251705,63.24578845237248],[22.21741598360018,63.249464053653291],[22.23182605944346,63.253994050480138],[22.240271775521428,63.260839906431805],[22.268558471643889,63.301249198948717],[22.276620839333141,63.306910924299203],[22.342171058568773,63.310600595099451],[22.367053009032105,63.323637899573363],[22.373424462414668,63.334991274234049],[22.363504410098592,63.345779890795768],[22.540383021257952,63.336151338876128],[22.616559788601261,63.282048039888608]]],[[[21.978800674986882,63.33788938522418],[21.962326860911428,63.329124403149123],[21.935266269662048,63.329422568936025],[21.928156862545055,63.334564707801057],[21.930193651962881,63.340032683773565],[21.953496582760291,63.361183110964504],[21.989003880801821,63.381499695598414],[22.05375587239838,63.390685529888465],[22.075601675241959,63.386047357098946],[22.095323895707637,63.377376918197761],[22.091627020938834,63.36502186929868],[22.077843591784976,63.357802866938272],[22.01292425663982,63.349969122205749],[21.978800674986882,63.33788938522418]]],[[[21.832801929829596,63.424122569882059],[21.800155426516241,63.421496976181885],[21.781031984856014,63.426194474454476],[21.766660721985083,63.437809292202047],[21.762195546967398,63.445739763648184],[21.780688138906335,63.459997688011782],[21.800923017640109,63.464783163878593],[21.818881518739005,63.465525977663816],[21.844500136080661,63.458359681829016],[21.858111721985527,63.450846969046502],[21.861218170562346,63.434681757211123],[21.832801929829596,63.424122569882059]]]]}},
{"type":"Feature","properties":{"id":303,"kunta":"976","vuosi":2026,"nimi":"Ylitornio","namn":"Övertorneå","name":"Ylitornio"},"geometry":{"type":"MultiPolygon","coordinates":[[[[24.988052006494787,66.754377417112252],[25.05041074059605,66.47584860025394],[24.791824681838154,66.332235707644656],[24.088420569794842,66.228125839543267],[23.916567517306419,66.205967910581677],[23.891862031102228,66.167670192678813],[23.823005880021885,66.172814015881656],[23.727606046630061,66.195379838947915],[23.649791001587957,66.310446755215665],[23.677452899376568,66.372019417331472],[23.67085139856621,66.398336572441181],[23.644371550923125,66.423055826660615],[23.64184078564438,66.456844855430418],[23.704987222807908,66.473597239015433],[23.718944541534437,66.495318522915866],[23.797080098680826,66.521116850292842],[23.945380366133303,66.465421075047928],[24.096910003257538,66.499194151018955],[24.185888868793683,66.512543508698428],[24.227047864474653,66.534165017272954],[24.299814551362307,66.55001770020688],[24.323164446478941,66.597917786881169],[24.526666043271277,66.628114358538738],[24.658213086555101,66.710171785397804],[24.739615538819535,66.753559804608443],[24.846070915504246,66.765713391421443],[24.988052006494787,66.754377417112252]]]]}},
{"type":"Feature","properties":{"id":304,"kunta":"977","vuosi":2026,"nimi":"Ylivieska","namn":"Ylivieska","name":"Ylivieska"},"geometry":{"type":"MultiPolygon","coordinates":[[[[24.906373771494049,64.10945083315859],[25.021245459300346,64.067938287947513],[24.913041626974426,63.983213570580681],[24.745392780769784,63.993688120362819],[24.639092815411836,63.946762549189941],[24.306638460486873,64.022120853205109],[24.346336184801487,64.041516296868366],[24.381911778328622,64.147365503248238],[24.582053909479697,64.186453187722009],[24.906373771494049,64.10945083315859]]]]}},
{"type":"Feature","properties":{"id":305,"kunta":"980","vuosi":2026,"nimi":"Ylöjärvi","namn":"Ylöjärvi","name":"Ylöjärvi"},"geometry":{"type":"MultiPolygon","coordinates":[[[[23.6806223578055,62.084436954175374],[23.697642589341822,62.031303117424919],[23.844340452295068,61.949495559493663],[23.855517951522621,61.836613900405908],[23.721328602313861,61.671015391518075],[23.763238464691558,61.53988315925487],[23.645937377607286,61.530832881994158],[23.542299896544801,61.533338680172669],[23.442162492297243,61.572227487935585],[23.492755817432553,61.585871954757486],[23.500476594383404,61.697911811098464],[23.335439363342267,61.637068505405473],[23.309104262070566,61.666128608292993],[23.208301347861521,61.655283732586874],[23.210259244187796,61.734404122820123],[23.351281018624267,61.760248687909097],[23.335234605215749,61.784623921146547],[23.418023372986227,61.811204444092134],[23.593875291458229,61.819351880480127],[23.592160170107761,61.855998087182464],[23.448384426095082,61.873585198671854],[23.447628548656127,61.914657946698391],[23.310840309769425,61.949515512543186],[23.365385256809159,62.071290072218517],[23.295208395270745,62.082944076484495],[23.359187076830981,62.143112632205096],[23.424002088534404,62.158110333730946],[23.580601076607177,62.096067133299982],[23.6806223578055,62.084436954175374]]]]}},
{"type":"Feature","properties":{"id":306,"kunta":"981","vuosi":2026,"nimi":"Ypäjä","namn":"Ypäjä","name":"Ypäjä"},"geometry":{"type":"MultiPolygon","coordinates":[[[[23.276334623781189,60.882184323583132],[23.372150778825471,60.814115319454714],[23.40862398065719,60.739773800781272],[23.277278876914341,60.711075392984149],[23.154615351442764,60.774168237286865],[23.230069679753999,60.825406772346433],[23.142581854388865,60.837502951920463],[23.135638115742346,60.883518443551665],[23.266664800052233,60.889109497571361],[23.276334623781189,60.882184323583132]]]]}},
{"type":"Feature","properties":{"id":307,"kunta":"989","vuosi":2026,"nimi":"Ähtäri","namn":"Etseri","name":"Ähtäri"},"geometry":{"type":"MultiPolygon","coordinates":[[[[24.039521449264086,62.736484197326185],[24.119276178068059,62.695507058682608],[24.230120376943219,62.685776174019722],[24.253568078428877,62.724504525152135],[24.272518040871919,62.754814001075921],[24.373726324304322,62.701508815844107],[24.519591928789076,62.685978283033393],[24.582168743655217,62.664786460859894],[24.528773072744112,62.62728306101382],[24.561073130558484,62.58622657617299],[24.530567921024353,62.528407843002853],[24.443450086920254,62.484225927499381],[24.330883234237909,62.491167166231449],[24.284495083179824,62.451250366040014],[24.20128513332951,62.482658144327793],[24.013003208972052,62.363326371251148],[23.92421872211899,62.390621696804288],[23.887245443524815,62.459712631562454],[23.835230179565727,62.49433630622206],[23.993574326060148,62.579072618198303],[23.931593904740524,62.75092581369509],[24.039521449264086,62.736484197326185]]]]}},
{"type":"Feature","properties":{"id":308,"kunta":"992","vuosi":2026,"nimi":"Äänekoski","namn":"Äänekoski","name":"Äänekoski"},"geometry":{"type":"MultiPolygon","coordinates":[[[[26.068242237986851,62.889408049786553],[26.165399730698333,62.872526608388661],[26.15177405957505,62.846841009290593],[26.024797321458013,62.825363068669581],[26.066600568684695,62.779071251503893],[26.134756838816759,62.760258584225703],[26.136065472668655,62.711404842600558],[26.233764236134892,62.678368478385835],[26.110477091587946,62.605610772755803],[26.0359597397252,62.58358582167002],[25.935676340548618,62.524778452982034],[25.838689032724343,62.521764224260501],[25.695150685747738,62.491503958417098],[25.626866024926908,62.554738964994755],[25.483862806382149,62.547053399752748],[25.49205141336234,62.726068876058754],[25.696601118830262,62.782364715466933],[25.571118711825527,62.859267801596786],[25.70768980689143,62.920742871599842],[25.922396846350704,62.876252943127902],[26.068242237986851,62.889408049786553]]]]}}
]
}
